"ZEIT";"RAUMID";"BEZ";"PGR";"BZR";"PLR";"STADTRAUM";"MH_E.x";"MH_EM";"MH_EW";"MH_U1";"MH_1U6";"MH_6U15";"MH_15U18";"MH_18U25";"MH_25U55";"MH_55U65";"MH_65U80";"MH_80U110";"MH_E.y";"HK_EU15";"HK_EU28";"HK_Polen";"HK_EheJug";"HK_EheSU";"HK_Turk";"HK_Arab";"HK_Sonst";"HK_NZOrd";"E_A";"E_AM";"E_AW";"E_AU1";"E_A1U6";"E_A6U15";"E_A15U18";"E_A18U25";"E_A25U55";"E_A55U65";"E_A65U80";"E_A80U110";"E_E";"E_EM";"E_EW";"E_EU1";"E_E1U6";"E_E6U15";"E_E15U18";"E_E18U25";"E_E25U55";"E_E55U65";"E_E65U80";"E_E80U110"
201412;10010101;10;1;1;1;2;1201;566;635;21;93;198;41;91;533;151;67;6;1201;24;218;158;40;578;12;13;206;134;496;221;275;6;34;52;6;45;301;34;18;0;5545;2744;2801;58;319;501;113;403;2703;894;439;115
201412;10010102;10;1;1;2;2;3695;1819;1876;57;410;542;137;260;1612;393;215;69;3695;93;441;205;98;1960;57;24;762;353;1335;606;729;15;76;84;36;97;853;123;48;3;17726;8870;8856;193;1144;1728;489;1255;7904;2844;1698;471
201412;10010203;10;1;2;3;2;355;221;134;12;27;24;3;65;205;13;6;0;355;12;45;12;69;57;6;25;144;9;298;180;118;6;15;21;3;62;172;13;6;0;788;554;234;12;36;36;15;108;477;83;21;0
201412;10010204;10;1;2;4;2;1836;907;929;24;153;268;106;144;801;221;84;35;1836;33;319;207;96;987;36;30;234;134;581;299;282;6;33;34;34;41;378;33;19;3;10220;5048;5172;105;584;900;253;588;4155;2057;1216;362
201412;10010205;10;1;2;5;2;894;443;451;18;93;107;33;96;420;78;40;9;894;24;202;110;23;432;33;21;122;61;370;188;182;6;15;22;9;33;261;18;3;3;8035;4057;3978;93;467;635;160;585;3611;1463;846;175
201412;10010206;10;1;2;6;2;2620;1289;1331;53;246;327;73;294;1162;308;118;39;2620;87;634;217;74;1176;37;80;466;153;1150;574;576;16;46;79;21;157;699;108;21;3;16406;8087;8319;128;755;1082;247;1029;6155;3422;2834;754
201412;10010207;10;1;2;7;2;2120;1025;1095;48;204;336;88;166;973;203;72;30;2120;92;332;127;58;941;85;46;481;177;892;437;455;9;40;68;28;74;583;66;15;9;10655;5195;5460;93;500;866;218;660;3906;2162;1824;426
201412;10010308;10;1;3;8;2;570;321;249;6;56;110;19;55;294;24;6;0;570;30;121;30;257;79;10;3;76;24;444;256;188;6;35;92;19;36;238;15;3;0;2148;1126;1022;18;107;178;41;111;947;300;348;98
201412;10010309;10;1;3;9;2;2607;1256;1351;52;229;383;93;225;1242;249;97;37;2607;60;325;113;122;1471;77;65;349;198;946;460;486;12;29;68;36;85;634;60;19;3;14403;6901;7502;92;593;927;238;778;5388;2459;3060;868
201412;10010310;10;1;3;10;2;2717;1326;1391;40;297;385;81;216;1228;320;123;27;2717;63;434;166;66;1378;64;27;595;153;1014;476;538;19;68;85;19;98;601;91;33;0;17603;8638;8965;143;810;1242;346;951;6432;3503;3583;593
201412;10010311;10;1;3;11;2;369;168;201;0;34;72;12;25;164;38;12;12;369;15;45;21;0;219;12;15;50;28;76;39;37;0;0;0;0;6;55;12;3;0;2944;1306;1638;27;160;214;43;129;1221;368;429;353
201412;10020412;10;2;4;12;2;1511;719;792;46;180;240;54;125;698;94;62;12;1511;30;303;136;69;747;30;24;284;54;653;308;345;13;52;59;15;62;400;37;9;6;6617;3196;3421;122;576;787;211;566;3049;709;463;134
201412;10020413;10;2;4;13;2;1706;832;874;41;158;176;55;180;799;172;92;33;1706;74;478;182;53;717;63;70;227;98;778;395;383;7;42;41;18;98;493;51;25;3;14967;7226;7741;167;870;992;262;1246;7283;2133;1480;534
201412;10020414;10;2;4;14;2;595;297;298;3;46;105;27;50;273;55;33;3;595;12;51;27;3;422;7;3;33;76;117;66;51;0;0;7;3;0;97;10;0;0;1658;808;850;16;88;150;57;153;792;170;161;71
201412;10020415;10;2;4;15;2;813;395;418;27;103;106;30;69;387;63;25;3;813;66;334;169;24;193;15;34;192;21;499;237;262;12;50;43;15;47;296;27;9;0;5304;2609;2695;81;366;512;154;437;2557;645;403;149
201412;10020416;10;2;4;16;2;1142;608;534;15;109;147;22;109;612;91;31;6;1142;51;496;232;40;385;21;52;110;38;661;356;305;6;31;43;3;85;437;47;9;0;5406;2764;2642;75;433;504;113;525;2857;511;317;71
201412;10020517;10;2;5;17;2;609;309;300;18;50;64;22;51;299;59;33;13;609;16;134;72;3;259;9;46;134;24;233;114;119;6;6;12;3;21;160;19;6;0;8786;4203;4583;88;409;469;151;595;4327;1337;1091;319
201412;10020518;10;2;5;18;2;501;247;254;6;57;71;28;59;226;36;18;0;501;34;200;94;22;155;18;6;84;16;244;128;116;0;21;18;12;34;138;18;3;0;5045;2521;2524;60;341;483;157;413;2554;549;354;134
201412;10020519;10;2;5;19;2;1307;705;602;29;178;219;53;155;583;59;25;6;1307;56;339;158;226;322;28;209;156;27;958;522;436;17;110;154;35;134;469;30;9;0;5799;2971;2828;83;523;676;157;534;2729;591;384;122
201412;10020620;10;2;6;20;2;461;213;248;9;51;42;6;40;198;73;30;12;461;21;94;58;9;206;18;24;89;21;199;92;107;3;18;9;0;28;114;24;3;0;3357;1632;1725;42;177;158;38;280;1711;569;306;76
201412;10020621;10;2;6;21;2;668;322;346;18;60;80;9;81;335;60;25;0;668;24;235;113;9;263;6;18;108;29;325;159;166;9;15;22;9;36;210;18;6;0;5915;2943;2972;81;401;513;124;578;3034;661;411;112
201412;10020622;10;2;6;22;2;931;451;480;22;77;138;29;73;423;92;58;19;931;33;287;152;50;382;44;3;110;55;384;186;198;6;15;46;6;32;228;33;15;3;8717;3994;4723;77;372;561;148;472;3490;1573;1450;574
201412;10020623;10;2;6;23;2;548;270;278;9;48;65;6;26;290;59;36;9;548;16;95;48;22;298;8;9;93;23;174;83;91;0;6;9;3;9;129;12;6;0;6507;3047;3460;59;269;369;112;282;2775;1127;1118;396
201412;10030724;10;3;7;24;2;975;504;471;6;33;65;27;302;457;63;10;12;975;97;274;74;18;255;31;66;294;37;651;330;321;3;15;12;3;277;319;15;4;3;7728;3787;3941;46;230;426;148;602;3054;1367;1428;427
201412;10030725;10;3;7;25;2;699;369;330;12;37;76;34;65;328;64;58;25;699;27;111;40;21;273;24;36;182;52;321;191;130;0;9;12;19;43;205;18;12;3;5810;2930;2880;51;193;335;112;348;2398;1108;952;313
201412;10030726;10;3;7;26;2;203;98;105;3;22;24;3;13;123;15;0;0;203;9;54;18;10;70;6;0;50;13;74;37;37;0;3;6;0;4;52;9;0;0;2844;1369;1475;18;149;185;61;108;1179;422;441;281
201412;10030727;10;3;7;27;2;696;362;334;18;45;107;33;52;349;59;27;6;696;62;231;100;10;240;15;12;154;34;239;136;103;0;0;3;3;36;182;3;12;0;9188;4570;4618;60;376;702;216;435;4000;1583;1429;387
201412;10040828;10;4;8;28;2;376;173;203;3;39;54;15;31;173;46;12;3;376;44;102;36;3;178;21;9;48;15;148;74;74;0;3;0;6;13;101;13;12;0;7609;3750;3859;42;336;581;207;402;3448;1322;1041;230
201412;10040829;10;4;8;29;2;169;85;84;3;18;27;12;15;79;9;6;0;169;27;75;27;12;33;6;13;21;9;81;45;36;0;3;6;0;9;51;9;3;0;3583;1762;1821;21;145;271;96;178;1572;495;632;173
201412;10040830;10;4;8;30;2;360;175;185;7;27;75;15;18;135;53;27;3;360;39;113;42;9;121;0;22;83;12;135;68;67;4;3;3;3;6;88;16;9;3;7426;3689;3737;32;288;576;201;324;3011;1396;1329;269
201412;10040931;10;4;9;31;2;488;253;235;6;52;62;24;37;238;46;17;6;488;55;133;43;18;166;21;6;104;40;182;87;95;0;0;3;6;24;130;13;3;3;9124;4570;4554;60;384;607;231;446;4089;1577;1357;373
201412;10040932;10;4;9;32;2;245;125;120;3;22;37;9;22;128;21;0;3;245;24;96;33;9;96;9;9;26;0;125;70;55;0;6;3;3;15;86;12;0;0;3905;1948;1957;24;143;268;93;219;1715;659;635;149
201412;10040933;10;4;9;33;2;651;297;354;6;55;107;19;38;329;72;13;12;651;100;291;83;6;184;15;33;91;31;267;120;147;3;7;15;9;24;187;12;7;3;14405;7153;7252;96;541;1102;372;663;6234;2428;2433;536
201412;1011101;1;1;11;1;1;1677;881;796;16;90;88;24;265;908;159;102;25;1677;307;520;102;37;263;61;182;499;115;1140;616;524;7;25;27;6;239;656;104;57;19;3114;1606;1508;19;101;101;30;338;1416;380;567;162
201412;1011102;1;1;11;2;1;63;38;25;0;3;10;0;3;44;3;0;0;63;19;38;12;3;6;0;3;9;4;44;29;15;0;3;0;0;3;38;0;0;0;194;110;84;0;6;16;0;10;94;31;31;6
201412;1011103;1;1;11;3;1;2782;1501;1281;34;168;283;93;330;1339;304;179;52;2782;426;867;189;133;386;306;355;580;155;1740;982;758;10;51;87;37;254;967;166;134;34;5130;2788;2342;41;206;333;109;500;2367;721;625;228
201412;1011104;1;1;11;4;1;2761;1451;1310;31;197;299;105;393;1445;160;98;33;2761;374;720;152;52;231;450;493;617;198;1593;837;756;6;33;40;33;277;1039;85;53;27;4403;2372;2031;44;235;359;128;585;2422;340;235;55
201412;1011105;1;1;11;5;1;590;306;284;9;54;45;23;36;342;47;25;9;590;102;147;24;9;136;12;119;142;25;429;223;206;6;29;23;14;30;261;38;22;6;1097;602;495;15;63;63;26;52;597;137;123;21
201412;1011201;1;1;12;1;1;985;521;464;12;45;107;28;95;524;111;54;9;985;127;285;28;6;282;33;104;191;84;608;337;271;3;6;36;6;55;393;64;39;6;2055;1067;988;21;54;135;38;155;970;316;286;80
201412;1011202;1;1;12;2;1;200;91;109;0;9;22;6;18;107;28;10;0;200;77;90;6;9;19;6;0;76;0;145;64;81;0;0;9;0;18;92;19;7;0;498;260;238;3;12;34;9;33;276;62;65;4
201412;1011203;1;1;12;3;1;453;239;214;3;40;21;3;37;281;32;33;3;453;99;162;12;6;157;6;10;99;13;349;190;159;0;21;9;0;34;229;23;30;3;932;473;459;9;46;39;9;62;498;102;127;40
201412;1011204;1;1;12;4;1;2474;1216;1258;32;117;223;53;226;1388;253;146;36;2474;433;922;132;52;462;74;231;592;141;1583;777;806;9;33;59;19;160;1029;155;95;24;6424;3199;3225;54;166;301;87;411;3047;879;1164;315
201412;1011301;1;1;13;1;1;1981;987;994;37;147;120;28;183;1291;93;76;6;1981;610;923;132;31;240;71;57;605;54;1411;701;710;12;45;38;9;150;1034;72;51;0;5597;2864;2733;75;325;252;52;378;3486;522;423;84
201412;1011302;1;1;13;2;1;4147;2076;2071;55;266;424;71;343;2738;171;64;15;4147;1561;1989;180;89;333;178;148;1288;122;2803;1392;1411;16;43;88;19;288;2160;113;61;15;12137;6193;5944;126;584;972;216;746;7631;998;680;184
201412;1011303;1;1;13;3;1;3181;1699;1482;40;193;220;48;367;2017;200;87;9;3181;865;1272;165;73;321;68;253;1038;156;2220;1187;1033;6;40;62;21;287;1605;137;53;9;8608;4531;4077;76;320;327;88;671;4726;863;1148;389
201412;1011304;1;1;13;4;1;2587;1256;1331;45;207;315;81;308;1348;173;77;33;2587;346;608;108;138;323;239;154;996;129;1579;751;828;9;51;80;29;214;1013;110;52;21;8424;3914;4510;56;309;457;120;580;3135;948;1873;946
201412;1011305;1;1;13;5;1;2074;1134;940;32;140;185;66;149;1283;117;93;9;2074;402;636;92;33;324;127;181;662;111;1324;765;559;6;49;40;23;85;978;74;66;3;7075;3582;3493;53;243;320;94;408;3265;725;1368;599
201412;1011306;1;1;13;6;1;2858;1419;1439;44;216;251;72;333;1693;168;75;6;2858;536;950;194;118;232;486;147;738;187;1787;898;889;3;39;44;27;261;1237;109;61;6;8616;4352;4264;85;371;388;127;604;4571;976;1174;320
201412;1011401;1;1;14;1;1;5446;2732;2714;98;434;475;114;485;3539;176;98;27;5446;2023;2648;256;311;479;123;247;1495;143;3931;1999;1932;33;148;176;58;408;2885;129;73;21;15235;7747;7488;197;908;1086;233;977;9958;984;681;211
201412;1011402;1;1;14;2;1;4101;2013;2088;78;370;309;25;277;2841;140;61;0;4101;1816;2293;200;34;274;83;106;1200;111;2811;1385;1426;15;95;65;7;224;2258;104;43;0;12666;6337;6329;190;845;851;139;603;8631;686;547;174
201412;1022101;1;2;21;1;1;1688;946;742;30;127;138;55;236;874;140;85;3;1688;202;731;290;103;81;154;295;221;103;1157;671;486;6;54;62;31;170;663;101;67;3;3390;1908;1482;42;154;171;75;487;1876;311;221;53
201412;1022102;1;2;21;2;1;3545;1941;1604;43;232;329;116;377;1943;259;220;26;3545;429;1173;360;242;130;569;555;654;222;2439;1343;1096;7;86;96;64;261;1503;208;195;19;6255;3437;2818;62;261;406;144;820;3415;561;472;114
201412;1022103;1;2;21;3;1;172;97;75;6;15;21;3;20;101;6;0;0;172;6;22;3;3;3;24;25;76;19;122;72;50;3;9;6;3;16;79;6;0;0;253;151;102;6;22;27;3;23;146;9;17;0
201412;1022104;1;2;21;4;1;8164;4311;3853;91;517;764;239;846;4401;734;506;66;8164;1159;2661;793;514;442;1562;902;1539;544;5091;2750;2341;18;88;134;86;566;3228;503;426;42;17806;9297;8509;159;752;1051;351;1964;9543;2003;1640;343
201412;1022105;1;2;21;5;1;2769;1455;1314;36;189;306;109;332;1400;227;155;15;2769;326;824;229;176;156;528;403;462;220;1647;857;790;9;27;52;32;209;1015;148;140;15;5105;2676;2429;49;229;355;139;623;2658;522;429;101
201412;1022106;1;2;21;6;1;4040;2068;1972;73;284;437;128;418;2119;333;218;30;4040;734;1319;294;311;352;456;527;830;245;2408;1280;1128;15;91;131;43;300;1482;186;142;18;11731;5801;5930;138;513;775;253;961;5807;1487;1398;399
201412;1022201;1;2;22;1;1;4784;2506;2278;63;320;470;154;536;2629;332;259;21;4784;766;1493;365;245;275;1085;426;826;434;2830;1488;1342;6;78;103;40;343;1816;213;213;18;10469;5521;4948;124;477;638;220;1257;5941;879;761;172
201412;1022202;1;2;22;2;1;924;464;460;12;61;152;51;123;406;42;68;9;924;69;127;37;22;43;363;163;100;106;466;237;229;3;3;24;15;66;263;30;59;3;1448;721;727;16;74;175;61;188;665;115;136;18
201412;1022203;1;2;22;3;1;3810;1913;1897;51;268;482;162;356;1838;298;305;50;3810;341;891;277;304;194;1074;546;414;387;2152;1068;1084;9;39;82;48;216;1254;203;260;41;6773;3439;3334;70;342;565;188;705;3246;670;759;228
201412;1022204;1;2;22;4;1;2119;1103;1016;24;142;179;60;243;1178;177;107;9;2119;450;891;240;51;200;270;195;393;119;1327;709;618;3;30;45;22;189;841;112;82;3;5826;2917;2909;51;245;341;102;504;2904;668;804;207
201412;1022205;1;2;22;5;1;1801;889;912;36;135;249;105;153;820;168;110;25;1801;122;353;155;142;296;331;283;268;128;946;483;463;12;36;75;37;102;494;99;72;19;3207;1628;1579;45;166;301;115;300;1361;384;418;117
201412;1022206;1;2;22;6;1;1145;590;555;21;91;133;32;95;602;85;67;19;1145;222;454;153;52;115;129;107;212;76;604;300;304;3;15;18;14;56;391;48;43;16;3060;1620;1440;33;140;217;52;220;1638;357;320;83
201412;1022207;1;2;22;7;1;2192;1136;1056;12;82;143;59;454;1123;180;111;28;2192;457;851;192;52;238;121;119;708;103;1515;804;711;3;16;31;15;394;871;92;78;15;5477;2800;2677;25;169;252;89;662;2373;668;902;337
201412;1033101;1;3;31;1;1;15137;8031;7106;243;1294;1987;654;1739;7371;1029;714;106;15137;1382;4386;1188;1240;644;4392;1512;1865;1098;9780;5264;4516;69;415;593;283;1176;5804;736;619;85;25947;13613;12334;331;1633;2345;789;3137;12945;2133;2067;567
201412;1033102;1;3;31;2;1;6813;3594;3219;120;510;865;294;775;3411;466;336;36;6813;620;1802;438;510;274;2331;668;665;563;4304;2328;1976;33;139;246;126;484;2614;332;300;30;11586;6013;5573;163;662;978;331;1329;6002;925;960;236
201412;1033201;1;3;32;1;1;8300;4244;4056;123;755;1358;415;789;3719;594;452;95;8300;470;1132;385;328;527;3302;1331;743;937;3842;1966;1876;12;87;177;124;407;2350;305;335;45;12885;6481;6404;145;865;1509;472;1261;5802;1181;1240;410
201412;1033202;1;3;32;2;1;5187;2601;2586;92;443;694;193;459;2552;392;313;49;5187;371;1059;457;233;404;1850;498;540;603;2511;1246;1265;15;48;93;49;269;1562;214;228;33;9697;4785;4912;116;532;825;235;796;4401;990;1318;484
201412;1033203;1;3;32;3;1;8440;4481;3959;123;697;1139;358;969;4117;539;431;67;8440;745;2120;665;586;429;2485;1157;1018;645;5131;2743;2388;41;176;285;143;633;3062;366;374;51;13891;7374;6517;158;821;1262;420;1609;7018;1162;1154;287
201412;1044101;1;4;41;1;1;8802;4761;4041;112;613;942;219;895;4716;776;489;40;8802;1013;2950;953;532;400;2233;675;1342;670;5504;3049;2455;31;157;230;82;584;3472;515;396;37;19903;10291;9612;164;862;1285;376;2094;9942;2196;2384;600
201412;1044102;1;4;41;2;1;5502;2895;2607;77;433;547;159;523;2887;491;331;54;5502;563;1925;836;371;225;1278;530;718;455;3282;1765;1517;15;104;143;69;357;2012;298;262;22;15792;7597;8195;126;662;882;290;1314;6844;1862;2643;1169
201412;1044103;1;4;41;3;1;3890;2089;1801;54;270;360;104;450;2177;267;193;15;3890;536;1266;345;189;238;828;377;709;283;2517;1385;1132;21;70;100;40;326;1599;178;168;15;8076;4325;3751;73;344;448;133;953;4572;775;643;135
201412;1044201;1;4;42;1;1;15194;8107;7087;208;1113;1990;623;1687;7632;997;826;118;15194;1338;3864;1047;1233;561;4478;1971;1869;1218;9649;5187;4462;44;341;572;275;1126;5825;684;699;83;23103;12184;10919;247;1271;2183;703;2936;11561;1829;1869;504
201412;1044202;1;4;42;2;1;9301;5151;4150;108;563;815;340;1378;5126;597;326;48;9301;1199;2936;828;463;363;1624;1189;2122;604;6435;3627;2808;39;168;214;158;1052;4092;410;275;27;16636;9071;7565;161;769;976;391;2344;9509;1360;924;202
201412;1044203;1;4;42;3;1;8962;4884;4078;125;615;975;292;971;4613;715;604;52;8962;970;2780;841;576;301;2642;839;1228;596;5913;3293;2620;34;151;262;132;660;3578;505;549;42;15985;8485;7500;162;768;1125;357;1746;8126;1511;1610;580
201412;11010101;11;1;1;1;2;34;21;13;0;0;3;0;6;22;3;0;0;34;6;15;3;6;6;3;0;4;0;16;12;4;0;0;0;0;0;16;0;0;0;560;345;215;0;19;40;13;40;260;99;74;15
201412;11010102;11;1;1;2;2;108;50;58;0;12;9;0;18;44;16;9;0;108;11;32;15;12;40;3;6;9;6;45;20;25;0;0;0;0;3;29;4;9;0;2562;1294;1268;18;97;208;46;106;1188;516;312;71
201412;11010103;11;1;1;3;2;93;59;34;0;3;15;7;6;52;7;0;3;93;3;18;6;0;44;0;0;21;10;31;21;10;0;0;0;0;6;25;0;0;0;1285;665;620;6;55;96;46;72;668;224;81;37
201412;11010204;11;1;2;4;2;1977;981;996;37;194;321;61;187;885;189;90;13;1977;25;335;170;113;783;35;61;549;101;911;451;460;10;57;82;21;100;543;67;31;0;8818;4365;4453;98;576;801;207;705;4237;1180;780;234
201412;11010205;11;1;2;5;2;1482;736;746;24;139;234;63;131;654;179;43;15;1482;33;244;119;66;631;36;62;321;122;644;320;324;6;34;37;15;60;408;75;6;3;6670;3372;3298;57;394;567;140;466;3133;1067;690;156
201412;11010206;11;1;2;6;2;818;395;423;9;69;104;35;90;341;114;41;15;818;36;186;55;19;334;27;26;179;47;397;189;208;3;19;28;17;57;215;49;9;0;5853;2773;3080;33;270;426;144;380;2610;1019;730;241
201412;11010207;11;1;2;7;2;832;412;420;15;82;88;40;49;415;98;36;9;832;33;255;141;36;338;27;27;106;43;362;181;181;6;24;19;16;21;239;25;9;3;6882;3216;3666;78;425;488;163;441;3220;971;707;389
201412;11010308;11;1;3;8;2;2177;1077;1100;44;230;341;77;163;1009;219;69;25;2177;87;254;103;178;895;53;61;598;138;906;452;454;10;49;73;30;72;576;87;9;0;10996;5414;5582;93;539;792;192;617;4475;2251;1551;486
201412;11010309;11;1;3;9;2;1823;926;897;30;189;266;89;169;837;165;69;9;1823;51;284;129;364;571;27;71;399;107;971;492;479;9;53;83;47;102;565;78;31;3;9551;4809;4742;109;504;856;243;622;4268;1553;1078;318
201412;11010310;11;1;3;10;2;456;200;256;9;45;65;15;33;216;55;6;12;456;15;74;22;34;179;9;3;126;31;186;75;111;6;3;6;9;24;114;15;0;9;5237;2588;2649;39;212;310;64;263;2103;1230;850;166
201412;11020411;11;2;4;11;2;972;508;464;42;102;103;31;133;465;61;29;6;972;49;235;87;89;197;41;83;297;30;642;348;294;20;43;46;9;112;369;21;22;0;7779;3914;3865;106;370;475;146;531;3315;1264;1293;279
201412;11020412;11;2;4;12;2;787;385;402;12;86;133;22;70;353;75;30;6;787;36;131;40;22;287;43;25;240;39;361;184;177;0;16;31;9;33;228;35;9;0;6088;2870;3218;45;283;439;121;312;2417;981;1094;396
201412;11020513;11;2;5;13;2;185;84;101;3;24;26;9;10;82;28;0;3;185;29;89;18;0;49;0;3;41;3;83;34;49;0;6;3;6;4;46;15;0;3;3390;1645;1745;33;185;275;75;131;1457;475;534;225
201412;11020514;11;2;5;14;2;1069;569;500;30;135;152;42;95;522;60;27;6;1069;84;248;82;171;248;23;112;252;15;809;423;386;12;93;116;30;79;422;36;18;3;8286;3995;4291;100;432;508;143;524;4299;864;1008;408
201412;11020515;11;2;5;15;2;2633;1278;1355;42;296;403;116;231;1273;180;77;15;2633;96;477;179;131;792;48;118;950;117;1444;697;747;14;74;134;63;141;895;86;37;0;14317;6848;7469;131;703;1041;328;912;5903;1995;2698;606
201412;11020516;11;2;5;16;2;288;142;146;6;28;60;7;21;129;31;6;0;288;15;81;48;12;37;6;14;113;25;118;63;55;0;9;12;0;15;64;12;6;0;3705;1834;1871;39;156;238;65;137;1700;619;572;179
201412;11030617;11;3;6;17;2;1622;796;826;31;201;229;46;167;792;99;43;14;1622;61;196;76;169;420;80;255;441;61;956;455;501;12;73;88;31;116;559;58;12;7;6124;2917;3207;52;288;350;83;470;2392;542;1541;406
201412;11030618;11;3;6;18;2;3128;1541;1587;42;288;375;85;414;1592;198;113;21;3128;154;556;182;188;1001;89;305;872;117;1735;851;884;15;78;119;36;270;1093;82;39;3;15750;7583;8167;106;648;859;252;1106;6441;1805;3556;977
201412;11030619;11;3;6;19;2;2535;1254;1281;39;222;271;86;318;1264;216;82;37;2535;179;502;151;97;818;59;95;820;144;1359;663;696;11;43;78;33;223;824;113;27;7;10596;5155;5441;99;463;656;196;871;4311;1049;2300;651
201412;11030720;11;3;7;20;2;3084;2116;968;27;194;187;42;675;1740;176;36;7;3084;285;1358;489;355;233;31;386;696;25;2816;1954;862;21;155;144;30;629;1658;155;24;0;5128;3181;1947;37;246;242;60;978;2672;406;227;260
201412;11030721;11;3;7;21;2;3754;2161;1593;65;259;321;122;433;2100;328;99;27;3754;452;1490;535;271;612;107;214;925;135;2429;1464;965;9;64;100;88;347;1566;201;45;9;21946;11077;10869;259;1049;1135;298;1505;12139;2139;2311;1111
201412;11030824;11;3;8;24;2;2881;1465;1416;42;226;293;91;483;1454;189;78;25;2881;129;528;196;365;811;87;167;813;110;1671;858;813;12;68;71;36;347;1016;79;30;12;10004;4950;5054;90;434;633;215;985;4325;1001;1902;419
201412;11040925;11;4;9;25;2;588;302;286;10;43;60;10;76;356;21;12;0;588;163;292;66;27;55;36;12;154;12;357;176;181;0;6;9;0;55;269;15;3;0;3553;1841;1712;59;276;320;61;228;2344;178;78;9
201412;11040926;11;4;9;26;2;4156;2163;1993;89;355;412;93;478;2316;315;89;9;4156;529;1494;472;263;802;102;162;1186;147;2588;1379;1209;28;90;116;55;336;1738;176;43;6;27214;13641;13573;298;1321;1406;381;2043;15139;2816;2867;943
201412;11041022;11;4;10;22;2;1173;630;543;22;116;124;31;140;606;92;30;12;1173;85;405;93;98;301;16;43;261;49;731;406;325;9;57;57;12;90;450;42;14;0;5088;2571;2517;42;185;223;53;438;2152;503;1105;387
201412;11041023;11;4;10;23;2;1474;745;729;34;164;188;60;165;693;121;27;22;1474;47;194;88;157;545;39;77;380;82;785;393;392;15;60;50;28;94;461;67;3;7;5902;2918;2984;63;357;423;129;453;2469;792;890;326
201412;11041027;11;4;10;27;2;514;265;249;9;58;79;22;36;235;41;24;10;514;34;143;28;58;193;16;16;69;19;298;157;141;3;25;43;16;18;158;26;6;3;2738;1367;1371;30;130;191;55;204;1204;374;375;175
201412;11041128;11;4;11;28;2;4431;2188;2243;69;352;527;142;764;2077;318;147;35;4431;190;856;295;335;1367;137;341;1192;203;2663;1345;1318;25;105;177;67;587;1471;154;68;9;24697;11565;13132;163;870;1304;380;1857;8908;2728;6219;2268
201412;11051229;11;5;12;29;2;432;206;226;15;62;54;9;27;229;12;18;6;432;126;207;36;12;53;15;6;118;21;208;97;111;0;6;6;3;21;148;6;15;3;3420;1736;1684;75;314;337;53;106;1812;307;302;114
201412;11051330;11;5;13;30;2;1225;672;553;19;54;69;12;319;697;36;19;0;1225;155;416;128;18;253;51;56;401;30;868;488;380;3;3;9;9;270;549;15;10;0;8240;4007;4233;107;445;527;159;741;4331;798;796;336
201412;11051331;11;5;13;31;2;738;368;370;12;72;110;31;54;368;60;21;10;738;106;280;86;46;260;15;21;77;39;357;186;171;0;9;24;9;30;233;30;18;4;9595;4568;5027;93;510;783;226;420;4312;1171;1548;532
201412;11051332;11;5;13;32;2;608;297;311;10;86;134;18;46;251;45;12;6;608;112;270;100;3;165;15;12;128;15;263;120;143;0;9;15;6;40;157;24;12;0;6491;3137;3354;95;570;743;175;256;3143;621;611;277
201412;12103115;12;10;31;15;2;2719;1365;1354;46;211;299;103;240;1376;268;161;15;2719;136;740;385;185;180;718;269;396;231;1489;755;734;15;45;60;46;150;923;137;104;9;7449;3655;3794;70;337;472;165;683;3391;905;1044;382
201412;12103116;12;10;31;16;2;3668;1913;1755;64;303;514;163;350;1850;262;147;15;3668;216;1006;455;326;168;1106;298;431;333;1963;1011;952;13;60;98;59;215;1260;142;110;6;9180;4613;4567;101;460;748;271;853;4425;979;1004;339
201412;12103117;12;10;31;17;2;4503;2320;2183;72;415;533;161;502;2185;393;219;23;4503;263;1389;666;407;202;1123;433;498;451;2567;1383;1184;21;89;141;83;308;1483;253;173;16;10039;5062;4977;95;552;751;259;989;4628;1151;1266;348
201412;12103218;12;10;32;18;2;4757;2371;2386;87;443;611;196;421;2295;415;251;38;4757;307;1310;695;344;243;1334;386;630;510;2376;1149;1227;19;80;133;71;243;1404;220;181;25;13017;6252;6765;143;639;919;356;1128;5551;1496;1988;797
201412;12103219;12;10;32;19;2;3033;1547;1486;61;261;374;100;284;1475;270;181;27;3033;218;840;397;221;128;830;282;373;359;1548;794;754;13;55;78;32;166;901;148;143;12;8551;4049;4502;82;387;565;174;731;3525;1043;1396;648
201412;12103220;12;10;32;20;2;1075;549;526;9;88;107;34;61;546;136;79;15;1075;93;435;276;82;72;196;62;140;88;492;246;246;0;19;19;7;31;295;60;55;6;4588;2201;2387;24;167;228;91;322;1967;653;844;292
201412;12214125;12;21;41;25;2;1540;857;683;27;117;184;77;106;797;116;107;9;1540;160;504;208;111;95;268;100;274;188;730;463;267;9;21;36;12;46;481;51;68;6;7005;3713;3292;62;290;430;199;486;3021;955;1255;307
201412;12214126;12;21;41;26;2;2259;1072;1187;39;167;279;85;180;1051;281;140;37;2259;207;692;329;138;385;477;132;180;255;952;444;508;3;16;41;24;98;554;119;79;18;7551;3547;4004;81;327;566;172;564;3080;974;1363;424
201412;12214421;12;21;44;21;2;766;401;365;4;72;100;25;77;397;50;35;6;766;79;354;199;27;38;110;37;140;60;414;212;202;0;15;16;13;51;264;24;25;6;2603;1299;1304;22;124;190;40;194;1203;302;396;132
201412;12214422;12;21;44;22;2;3991;2073;1918;79;330;588;147;413;1856;361;181;36;3991;392;1242;489;375;467;805;333;394;375;2051;1073;978;19;100;159;49;238;1188;177;106;15;7688;3871;3817;101;427;745;207;790;3400;805;1004;209
201412;12214423;12;21;44;23;2;1795;904;891;21;133;218;77;141;854;215;121;15;1795;124;589;321;108;258;417;75;146;202;809;417;392;9;18;37;15;88;500;89;50;3;5534;2656;2878;36;211;334;118;398;2126;734;1248;329
201412;12214424;12;21;44;24;2;4514;2333;2181;85;412;565;190;444;2193;381;229;15;4514;323;1427;549;534;286;938;480;499;350;2662;1398;1264;24;158;199;96;274;1498;226;178;9;10325;5171;5154;118;567;770;271;934;4693;1269;1354;349
201412;12214527;12;21;45;27;2;1776;876;900;29;103;212;62;122;878;197;152;21;1776;274;652;242;85;87;350;91;341;170;931;468;463;4;15;36;13;74;543;112;113;21;10380;4752;5628;85;311;545;201;613;4139;1329;2238;919
201412;12214528;12;21;45;28;2;68;38;30;0;6;7;12;12;19;6;6;0;68;16;25;9;4;3;3;0;30;3;27;15;12;0;0;3;12;3;3;3;3;0;253;121;132;3;9;10;22;65;98;18;28;0
201412;12224229;12;22;42;29;2;666;344;322;0;45;127;54;40;276;61;57;6;666;151;304;96;25;55;61;30;121;70;252;130;122;0;3;6;21;18;129;28;41;6;6013;2958;3055;31;204;492;217;301;2040;926;1479;323
201412;12224230;12;22;42;30;2;1842;852;990;22;164;270;100;131;743;246;138;28;1842;391;796;275;67;126;232;73;362;186;699;318;381;0;13;32;12;58;362;107;99;16;17860;8744;9116;97;718;1457;562;1031;6341;2915;3805;934
201412;12231101;12;23;11;1;2;1693;818;875;15;116;265;101;111;719;204;143;19;1693;404;792;269;80;103;106;54;399;159;756;367;389;0;9;52;17;66;402;91;100;19;16287;7783;8504;81;623;1288;510;908;5631;2424;3838;984
201412;12231102;12;23;11;2;2;1698;774;924;19;162;280;93;86;665;216;143;34;1698;423;819;223;69;137;113;50;362;148;643;274;369;3;12;6;12;48;337;100;101;24;16686;8004;8682;94;711;1546;577;840;5513;2321;3967;1117
201412;12301203;12;30;12;3;2;3529;1904;1625;55;305;462;138;372;1639;359;181;18;3529;259;1020;510;520;293;568;388;527;213;2111;1139;972;20;164;203;61;249;1084;177;141;12;14476;7308;7168;117;562;961;326;1144;5650;1894;2857;965
201412;12301204;12;30;12;4;2;1144;548;596;24;90;153;62;107;508;118;66;16;1144;191;420;157;15;84;189;81;239;116;490;233;257;3;21;31;13;51;280;43;32;16;6167;2944;3223;53;237;445;234;462;2256;898;1227;355
201412;12301205;12;30;12;5;2;703;374;329;6;58;118;36;49;312;76;42;6;703;162;347;124;12;56;72;45;116;55;269;145;124;0;3;12;6;31;154;33;24;6;4825;2314;2511;27;201;406;145;304;1797;691;953;301
201412;12301206;12;30;12;6;2;620;319;301;6;55;112;19;28;265;86;40;9;620;98;261;128;28;50;83;12;98;88;214;111;103;0;0;15;3;6;120;30;31;9;4969;2451;2518;19;194;411;143;313;1792;817;1066;214
201412;12302107;12;30;21;7;2;999;500;499;9;56;129;63;103;464;106;66;3;999;83;224;84;46;51;341;81;103;153;400;191;209;3;12;6;13;46;226;40;51;3;3005;1457;1548;15;89;214;103;253;1086;430;662;153
201412;12302108;12;30;21;8;2;4961;2429;2532;87;519;939;265;418;2098;394;197;44;4961;248;1467;949;305;542;1162;443;635;407;2168;1033;1135;21;112;205;79;232;1258;132;114;15;13526;6386;7140;129;788;1538;513;1001;4614;1482;2701;760
201412;12302109;12;30;21;9;2;5177;2569;2608;108;566;943;275;399;2200;405;227;54;5177;353;1409;792;343;565;1183;469;791;417;2598;1239;1359;30;149;288;125;261;1444;156;124;21;11183;5378;5805;147;819;1332;416;900;4158;1142;1742;527
201412;12302110;12;30;21;10;2;4975;2462;2513;78;579;944;279;430;2111;398;127;29;4975;300;1152;690;311;733;1097;588;681;413;2430;1197;1233;17;178;294;121;270;1292;175;71;12;9957;4775;5182;109;743;1304;429;884;3764;1020;1371;333
201412;12302211;12;30;22;11;2;728;380;348;3;31;94;37;73;323;103;58;6;728;81;256;122;60;55;152;24;118;63;303;160;143;0;0;16;9;24;163;43;45;3;3280;1612;1668;12;69;186;77;232;1161;484;839;220
201412;12302212;12;30;22;12;2;1820;936;884;30;184;312;89;143;822;168;57;15;1820;192;668;368;144;154;301;182;251;120;862;431;431;6;49;72;29;81;515;74;33;3;5472;2719;2753;57;333;636;209;443;2154;558;878;204
201412;12304313;12;30;43;13;2;1110;541;569;15;88;104;42;85;568;125;77;6;1110;158;528;234;79;49;148;54;180;72;634;320;314;3;25;25;12;54;378;75;56;6;6452;3182;3270;41;218;351;133;486;2908;887;1135;293
201412;12304314;12;30;43;14;2;1136;529;607;15;67;118;52;78;532;150;115;9;1136;160;481;249;54;88;181;47;171;114;508;224;284;0;3;12;12;42;286;69;81;3;9679;4492;5187;51;295;533;250;605;3792;1318;2149;686
201412;2010101;2;1;1;1;1;4201;2232;1969;55;261;470;156;578;2197;273;177;34;4201;463;969;227;111;358;869;698;823;373;2396;1281;1115;21;40;81;37;383;1519;149;138;28;6106;3330;2776;64;306;508;182;838;3153;534;422;99
201412;2010102;2;1;1;2;1;8614;4265;4349;111;714;1282;377;780;4106;604;509;131;8614;690;1419;374;246;499;3070;1478;747;1155;3985;1993;1992;12;75;108;94;404;2473;332;391;96;13047;6502;6545;135;783;1393;432;1274;6085;1218;1333;394
201412;2010103;2;1;1;3;1;10500;5395;5105;157;867;1436;476;1020;5116;726;624;78;10500;595;1303;398;325;230;5596;840;791;1415;5322;2782;2540;21;108;167;163;493;3317;448;536;69;15589;7863;7726;177;983;1595;565;1470;7315;1441;1549;494
201412;2010104;2;1;1;4;1;3276;1671;1605;29;220;490;178;335;1582;234;183;25;3276;334;478;78;77;33;1543;411;267;467;1653;857;796;3;21;25;42;156;1084;148;149;25;5145;2565;2580;41;280;571;203;523;2446;530;452;99
201412;2020201;2;2;2;1;1;136;77;59;6;12;15;3;10;69;12;9;0;136;37;49;9;0;0;18;12;51;6;81;47;34;0;3;3;3;7;50;6;9;0;284;159;125;6;19;21;6;22;167;24;16;3
201412;2020202;2;2;2;2;1;2219;1107;1112;21;123;189;101;228;1226;192;124;15;2219;540;813;120;103;72;399;216;435;181;1428;731;697;0;21;39;57;138;916;142;100;15;5726;2929;2797;52;277;404;166;485;3127;668;452;95
201412;2020203;2;2;2;3;1;3869;2012;1857;60;260;357;100;341;2230;287;209;25;3869;1156;1654;252;117;72;683;296;740;307;2316;1214;1102;12;44;46;27;215;1579;198;173;22;10668;5434;5234;130;547;672;170;782;6153;1154;898;162
201412;2020204;2;2;2;4;1;4809;2488;2321;55;289;376;155;441;2826;389;235;43;4809;1262;1918;316;211;160;952;356;903;309;3035;1606;1429;9;44;49;64;301;2071;270;196;31;12195;6264;5931;116;559;761;256;961;7110;1320;882;230
201412;2020205;2;2;2;5;1;5619;2874;2745;65;303;559;196;462;3213;423;352;46;5619;1585;2086;234;171;123;1438;269;1091;441;3419;1752;1667;10;32;62;63;288;2308;301;312;43;14837;7499;7338;149;655;1013;351;1018;8570;1717;1112;252
201412;2020206;2;2;2;6;1;8241;4207;4034;115;557;869;304;731;4655;529;435;46;8241;2115;2960;368;245;146;2012;919;1403;556;5063;2597;2466;26;96;131;91;465;3509;332;376;37;18928;9559;9369;247;1017;1326;446;1340;11077;1865;1312;298
201412;2030301;2;3;3;1;1;5744;2898;2846;46;296;604;259;513;2994;417;545;70;5744;870;1097;77;79;28;3119;205;547;669;3556;1787;1769;3;24;79;86;260;2207;323;510;64;9216;4760;4456;68;407;740;297;761;5173;860;806;104
201412;2030302;2;3;3;2;1;7026;3658;3368;87;412;730;263;629;3872;461;490;82;7026;1306;1758;160;142;102;3135;335;923;631;4351;2316;2035;20;42;77;75;384;2874;348;458;73;13282;6950;6332;132;633;1023;345;1010;7594;1298;1039;208
201412;2030401;2;3;4;1;1;7066;3676;3390;80;392;688;226;565;4161;443;453;58;7066;1822;2404;269;192;120;2162;367;1300;521;4602;2422;2180;12;47;68;74;398;3214;324;410;55;15222;7897;7325;179;701;984;322;1027;9409;1393;987;220
201412;2030402;2;3;4;2;1;5436;2785;2651;46;300;457;165;529;3173;329;391;46;5436;1431;1876;201;107;113;1902;161;853;424;3662;1879;1783;9;28;53;57;354;2475;264;376;46;11273;5805;5468;93;539;701;237;878;7037;969;710;109
201412;2040501;2;4;5;1;1;1141;562;579;25;118;166;23;93;574;104;26;12;1141;135;255;54;43;192;22;91;473;65;660;303;357;6;28;38;10;53;435;71;16;3;5410;2555;2855;44;238;320;65;251;2011;666;1258;557
201412;2040502;2;4;5;2;1;1577;748;829;15;129;182;42;152;929;98;24;6;1577;336;598;123;54;161;45;78;572;69;970;462;508;0;37;38;10;109;706;46;18;6;7118;3445;3673;63;287;381;88;471;3796;669;928;435
201412;2040503;2;4;5;3;1;2148;1101;1047;23;163;177;50;241;1359;89;31;15;2148;736;1041;148;82;147;65;47;682;84;1450;731;719;0;24;36;18;183;1104;63;13;9;10680;5353;5327;117;541;503;140;737;6539;716;814;573
201412;2040701;2;4;7;1;1;3808;1955;1853;63;265;370;92;610;2083;226;78;21;3808;449;900;188;271;576;229;259;1399;174;2499;1291;1208;22;54;75;36;478;1638;139;45;12;12266;5945;6321;120;466;621;192;1135;5644;1163;1938;987
201412;2040702;2;4;7;2;1;2153;1121;1032;39;152;169;40;199;1433;79;39;3;2153;787;1132;176;40;182;76;43;619;61;1392;740;652;4;26;34;12;160;1071;52;33;0;10677;5478;5199;127;522;572;119;637;6637;789;962;312
201412;2040703;2;4;7;3;1;546;300;246;12;43;71;13;101;279;24;3;0;546;94;337;73;24;41;49;12;71;12;467;256;211;12;37;48;13;86;247;21;3;0;855;465;390;12;52;90;19;134;468;62;15;3
201412;2050601;2;5;6;1;1;2062;1066;996;28;153;123;25;208;1423;72;30;0;2062;756;1039;149;63;147;73;63;629;48;1459;759;700;9;33;33;12;158;1139;57;18;0;8752;4642;4110;109;422;334;74;723;6146;446;394;104
201412;2050602;2;5;6;2;1;4521;2309;2212;71;298;369;75;459;3017;150;73;9;4521;1733;2383;314;129;355;127;141;1259;127;3101;1605;1496;10;58;74;25;358;2426;93;54;3;19631;10100;9531;247;1070;1242;244;1391;13446;1054;665;272
201412;2050801;2;5;8;1;1;4995;2581;2414;58;300;386;80;566;3387;178;31;9;4995;1781;2405;289;266;352;145;144;1517;166;3559;1875;1684;12;67;77;34;448;2754;136;22;9;18811;9739;9072;241;937;988;230;1488;13145;944;660;178
201412;2050802;2;5;8;2;1;4833;2535;2298;63;281;220;44;490;3543;126;63;3;4833;2208;2880;329;79;280;127;112;1197;158;3510;1865;1645;16;44;38;12;404;2850;102;41;3;19841;10356;9485;248;994;924;169;1431;14539;822;559;155
201412;2050803;2;5;8;3;1;1535;819;716;34;75;71;9;215;1061;55;15;0;1535;541;819;119;36;96;91;67;349;77;1080;583;497;7;15;12;0;165;833;36;12;0;6632;3432;3200;82;289;281;66;568;4402;460;349;135
201412;2050804;2;5;8;4;1;634;381;253;12;60;80;22;72;328;27;21;12;634;145;285;72;32;49;27;57;149;35;348;230;118;0;7;6;3;63;227;15;18;9;3500;1824;1676;45;260;347;73;131;1892;317;279;156
201412;3010101;3;1;1;1;2;330;186;144;9;35;28;9;28;188;21;12;0;330;55;169;67;12;46;12;19;57;15;200;128;72;3;0;6;3;21;152;6;9;0;3297;1679;1618;45;182;226;69;218;1544;422;433;158
201412;3010102;3;1;1;2;2;958;518;440;28;73;125;14;74;507;82;43;12;958;60;343;197;40;272;34;45;203;21;567;322;245;19;30;51;3;47;378;33;6;0;11207;5262;5945;115;580;877;209;679;4341;1426;2173;807
201412;3010104;3;1;1;4;2;43;28;15;0;3;7;0;6;24;3;0;0;43;22;40;3;0;3;0;0;0;0;27;18;9;0;0;0;0;3;21;3;0;0;213;132;81;0;13;22;3;12;145;9;3;6
201412;3020203;3;2;2;3;2;100;55;45;0;15;15;0;6;42;12;10;0;100;25;67;27;3;12;6;0;9;3;43;25;18;0;0;0;0;6;27;6;4;0;2069;1046;1023;16;103;163;34;87;849;333;386;98
201412;3020209;3;2;2;9;2;1595;793;802;30;153;230;67;234;750;87;44;0;1595;309;720;214;34;170;62;46;509;54;892;447;445;3;30;33;10;212;532;47;25;0;14031;6783;7248;138;802;1326;378;808;6634;1567;1807;571
201412;3020210;3;2;2;10;2;887;456;431;21;89;117;31;47;480;58;37;7;887;133;373;126;18;172;82;38;159;45;392;211;181;3;4;12;3;25;300;19;19;7;10429;5104;5325;118;584;892;256;456;5094;1256;1382;391
201412;3020307;3;2;3;7;2;1622;750;872;29;128;272;88;102;723;183;78;19;1622;135;529;275;72;558;114;42;212;95;518;236;282;3;12;25;12;36;352;51;21;6;17218;8450;8768;147;937;1580;555;871;7913;2347;2263;605
201412;3030405;3;3;4;5;2;884;445;439;21;94;138;45;46;400;77;51;12;884;97;338;161;64;289;36;27;103;27;323;165;158;3;24;18;9;18;220;13;18;0;10576;4995;5581;134;691;999;287;585;5010;1102;1294;474
201412;3030406;3;3;4;6;2;454;218;236;6;45;52;24;34;215;48;27;3;454;78;178;55;9;119;6;16;104;22;180;80;100;0;3;3;3;16;122;18;12;3;8157;4045;4112;57;324;687;226;436;3400;1329;1313;385
201412;3030711;3;3;7;11;2;294;146;148;0;33;57;13;12;145;25;3;6;294;44;139;65;6;37;10;12;65;25;121;57;64;0;9;3;3;9;91;0;3;3;6745;3353;3392;43;283;543;189;293;2839;1102;1092;361
201412;3030715;3;3;7;15;2;449;248;201;9;23;87;17;28;224;39;16;6;449;52;170;52;12;51;35;33;110;38;211;116;95;3;0;16;3;19;124;27;16;3;6583;3303;3280;49;249;490;179;332;2892;1038;1038;316
201412;3030716;3;3;7;16;2;34;15;19;0;6;6;0;0;19;3;0;0;34;6;12;6;0;4;0;0;18;0;10;6;4;0;0;0;0;0;10;0;0;0;1128;554;574;3;37;61;21;33;425;192;277;79
201412;3040508;3;4;5;8;2;838;418;420;15;63;157;55;65;350;94;33;6;838;77;232;106;37;209;191;9;86;74;241;113;128;0;0;6;6;28;139;35;27;0;4587;2294;2293;48;213;480;197;330;2046;572;541;160
201412;3040512;3;4;5;12;2;1008;490;518;9;91;155;62;76;515;61;39;0;1008;168;395;137;48;120;159;48;153;85;412;203;209;0;9;4;9;48;288;31;23;0;9520;4577;4943;73;418;788;259;471;4216;1180;1683;432
201412;3040513;3;4;5;13;2;366;197;169;9;40;66;18;22;168;24;19;0;366;107;198;65;15;40;21;0;86;6;165;90;75;0;3;9;3;19;119;6;6;0;3357;1617;1740;22;186;365;120;184;1402;377;467;234
201412;3040614;3;4;6;14;2;3546;1764;1782;93;416;482;87;242;1892;191;110;33;3546;863;1721;437;79;483;127;149;852;135;1873;934;939;24;48;58;26;175;1361;107;59;15;34233;16031;18202;439;2226;3019;645;1662;16598;3083;4582;1979
201412;3040818;3;4;8;18;2;3967;1968;1999;74;367;397;86;375;2374;199;74;21;3967;1013;1878;460;262;464;96;235;917;115;2596;1284;1312;17;112;109;33;313;1819;131;47;15;33714;16005;17709;365;1773;2302;583;1836;17592;3291;4260;1712
201412;3050919;3;5;9;19;2;738;444;294;22;52;90;23;113;391;39;8;0;738;42;123;51;206;94;15;185;112;3;614;371;243;9;40;57;20;104;349;27;8;0;5320;2617;2703;56;239;319;97;333;2581;542;876;277
201412;3050920;3;5;9;20;2;746;397;349;18;82;108;12;59;412;34;18;3;746;178;400;98;12;93;32;34;150;25;433;248;185;3;15;19;0;44;321;16;12;3;7024;3347;3677;70;385;561;100;366;3349;664;1013;516
201412;3050923;3;5;9;23;2;1275;666;609;33;94;140;21;104;780;73;18;12;1275;352;671;186;61;115;40;54;312;22;810;426;384;9;15;40;3;74;602;52;12;3;8772;4536;4236;119;532;543;128;551;5291;767;638;203
201412;3050924;3;5;9;24;2;934;514;420;13;63;90;18;103;564;55;25;3;934;241;546;133;58;64;21;31;199;15;643;361;282;0;15;9;9;81;468;39;19;3;5647;2932;2715;59;336;435;99;425;3331;459;395;108
201412;3050925;3;5;9;25;2;976;483;493;15;119;141;52;84;484;53;25;3;976;240;441;97;34;137;33;42;250;39;580;300;280;9;20;36;40;57;352;44;22;0;8679;4213;4466;92;568;831;219;445;4673;696;831;324
201412;3051017;3;5;10;17;2;592;317;275;7;41;41;25;107;315;30;22;4;592;118;245;60;12;140;15;43;121;16;393;215;178;0;16;12;12;98;233;12;10;0;4123;2061;2062;44;190;265;106;341;2135;500;433;109
201412;3051021;3;5;10;21;2;516;238;278;14;51;66;18;44;275;39;9;0;516;54;154;60;68;121;6;26;132;9;366;169;197;4;31;42;12;33;217;27;0;0;6484;3011;3473;60;258;333;100;350;2772;613;1521;477
201412;3051022;3;5;10;22;2;239;114;125;4;30;35;17;21;114;12;3;3;239;19;105;61;7;34;3;19;59;12;102;52;50;0;6;6;7;6;71;6;0;0;4518;2035;2483;37;223;334;107;257;1903;503;801;353
201412;3061126;3;6;11;26;1;3381;1744;1637;57;242;242;44;346;2299;104;38;9;3381;1347;1829;238;76;264;86;130;911;85;2305;1199;1106;12;39;50;15;269;1825;67;25;3;14997;7663;7334;177;795;912;154;1063;9916;895;760;325
201412;3061131;3;6;11;31;1;2867;1450;1417;57;237;189;35;231;1964;106;42;6;2867;1360;1717;158;45;163;54;69;773;46;2009;1043;966;9;49;34;14;190;1599;78;30;6;10185;5201;4984;138;642;628;109;637;7036;535;375;85
201412;3061227;3;6;12;27;1;3102;1553;1549;58;246;209;47;262;2151;81;42;6;3102;1221;1692;226;36;229;62;79;916;88;2083;1054;1029;7;41;39;19;211;1670;60;33;3;14413;7003;7410;165;804;772;165;846;9182;952;1117;410
201412;3061228;3;6;12;28;1;2134;1049;1085;36;129;190;50;225;1367;71;57;9;2134;640;1033;168;51;185;63;85;668;49;1433;720;713;0;27;49;25;154;1086;44;42;6;12386;6059;6327;118;421;557;155;894;7151;994;1508;588
201412;3061332;3;6;13;32;1;5994;3025;2969;109;537;505;85;405;4106;163;69;15;5994;2540;3223;311;54;399;102;178;1897;141;3993;2067;1926;21;95;86;16;332;3243;131;57;12;22245;11286;10959;313;1548;1729;327;1142;15274;1120;597;195
201412;3061429;3;6;14;29;1;1048;531;517;21;122;128;39;110;522;63;25;18;1048;127;338;99;30;116;66;68;402;28;625;308;317;6;22;13;24;73;427;39;12;9;10163;4683;5480;55;330;457;155;526;3382;1096;2996;1166
201412;3061430;3;6;14;30;1;400;219;181;6;37;49;9;55;203;28;9;4;400;52;126;44;22;55;10;37;141;9;240;129;111;3;12;9;3;43;147;16;3;4;2971;1431;1540;16;111;165;57;183;1198;342;669;230
201412;3061434;3;6;14;34;1;1138;558;580;24;84;79;18;102;743;58;27;3;1138;393;606;111;22;84;18;37;334;37;766;363;403;6;18;9;3;86;580;46;15;3;6078;3008;3070;77;373;313;58;361;3908;437;406;145
201412;3061435;3;6;14;35;1;833;407;426;17;62;70;12;90;516;51;15;0;833;211;360;71;22;78;10;37;296;30;570;275;295;3;21;19;6;65;412;35;9;0;3925;1969;1956;47;174;213;47;288;2302;315;373;166
201412;3061441;3;6;14;41;1;511;238;273;15;91;118;12;15;227;9;18;6;511;155;223;31;33;66;12;0;165;12;247;113;134;3;22;24;3;12;165;6;12;0;2342;1152;1190;55;296;319;47;67;1238;113;124;83
201412;3071536;3;7;15;36;1;3406;1704;1702;57;252;340;46;254;2320;92;42;3;3406;1487;1833;146;41;219;70;80;1103;60;2325;1163;1162;6;52;46;3;217;1894;77;27;3;10661;5489;5172;147;713;838;150;606;7233;521;340;113
201412;3071537;3;7;15;37;1;4236;2149;2087;73;343;425;70;330;2733;160;99;3;4236;1751;2202;188;107;287;48;193;1288;111;2996;1546;1450;22;103;117;26;267;2261;132;65;3;14511;7392;7119;195;886;1231;280;798;9268;1027;699;127
201412;3071633;3;7;16;33;1;494;262;232;9;59;75;15;59;237;27;10;3;494;104;158;21;21;64;31;18;175;27;282;148;134;0;19;18;3;38;185;15;4;0;2736;1370;1366;21;127;196;59;183;1161;440;399;150
201412;3071638;3;7;16;38;1;4582;2290;2292;74;359;433;72;382;2998;187;71;6;4582;1917;2551;287;48;370;103;133;1259;118;3111;1563;1548;17;56;82;22;323;2407;139;59;6;16800;8460;8340;223;1092;1356;270;1026;10731;1024;905;173
201412;3071639;3;7;16;39;1;2801;1415;1386;57;300;343;48;176;1706;109;59;3;2801;1041;1501;227;73;166;79;87;814;81;1775;910;865;9;73;45;21;147;1354;90;33;3;12323;6093;6230;173;866;1202;207;569;7594;803;677;232
201412;4010101;4;1;1;1;2;4212;2149;2063;63;305;421;125;395;2115;454;273;61;4212;325;1524;879;205;325;732;321;715;390;2243;1164;1079;15;65;73;40;250;1339;226;189;46;10339;4917;5422;87;445;675;215;766;4298;1366;1699;788
201412;4010102;4;1;1;2;2;239;184;55;3;18;12;6;31;136;30;0;3;239;15;110;44;52;18;9;12;29;9;199;156;43;3;3;3;6;28;126;27;0;3;772;472;300;6;30;30;13;59;311;133;143;47
201412;4010103;4;1;1;3;2;3597;1748;1849;64;294;463;137;307;1732;328;224;48;3597;128;946;661;175;555;800;348;414;359;1669;788;881;15;41;104;51;148;983;164;136;27;7631;3576;4055;83;384;616;198;580;3115;842;1311;502
201412;4020204;4;2;2;4;2;45;30;15;0;6;9;6;3;12;3;6;0;45;21;27;3;3;0;0;6;9;0;30;18;12;0;6;0;0;3;12;3;6;0;115;69;46;0;9;15;6;6;43;21;15;0
201412;4020205;4;2;2;5;2;257;130;127;3;12;42;9;18;124;27;13;9;257;67;118;27;22;15;12;3;78;9;152;77;75;0;0;13;0;15;87;18;13;6;1264;624;640;9;48;106;41;70;474;175;275;66
201412;4020206;4;2;2;6;2;495;251;244;3;33;41;20;27;212;80;61;18;495;99;199;67;12;40;30;25;140;49;285;148;137;0;6;12;10;18;136;51;37;15;2570;1129;1441;9;55;85;26;78;633;377;963;344
201412;4020207;4;2;2;7;2;686;339;347;6;44;94;34;45;342;63;43;15;686;143;319;87;9;55;44;38;169;52;378;187;191;0;9;16;15;36;219;37;31;15;2624;1258;1366;17;87;199;82;144;1085;328;471;211
201412;4020208;4;2;2;8;2;675;343;332;6;36;105;33;47;330;73;45;0;675;183;325;78;9;54;45;25;171;46;372;195;177;0;3;12;9;25;232;52;39;0;2846;1423;1423;12;105;298;106;146;1047;338;616;178
201412;4020209;4;2;2;9;2;1087;544;543;0;42;64;19;272;609;57;15;9;1087;292;474;84;9;121;27;51;369;36;837;429;408;0;12;3;3;243;519;33;15;9;3128;1552;1576;9;111;263;88;480;1206;334;500;137
201412;4020310;4;2;3;10;2;283;161;122;13;6;9;3;70;167;9;6;0;283;18;70;21;6;18;18;31;130;10;242;139;103;6;3;6;0;67;148;6;6;0;600;330;270;13;6;12;6;131;271;55;91;15
201412;4020311;4;2;3;11;2;3643;1844;1799;27;186;409;122;315;1848;369;291;76;3643;808;1499;361;108;349;352;245;809;281;2074;1044;1030;9;22;82;20;190;1236;226;231;58;14153;6663;7490;61;438;941;296;909;5240;1854;3403;1011
201412;4020312;4;2;3;12;2;1198;604;594;18;79;123;31;89;605;132;97;24;1198;263;496;101;42;140;100;40;287;93;644;344;300;3;6;15;12;61;381;79;69;18;5036;2335;2701;33;173;281;97;290;1866;686;1141;469
201412;4020313;4;2;3;13;2;2746;1419;1327;52;197;272;58;274;1410;281;157;45;2746;327;818;262;369;198;247;353;573;188;1804;954;850;18;81;122;21;212;1016;177;118;39;7346;3639;3707;68;298;401;116;618;3348;939;1215;343
201412;4020314;4;2;3;14;2;9;9;0;0;0;0;0;0;3;6;0;0;9;6;9;3;0;0;0;0;0;0;9;9;0;0;0;0;0;0;3;6;0;0;9;9;0;0;0;0;0;0;3;6;0;0
201412;4030415;4;3;4;15;1;1320;684;636;10;46;88;21;158;750;144;87;16;1320;151;406;142;67;120;103;182;342;100;967;506;461;3;18;24;6;113;627;96;68;12;2750;1336;1414;14;65;120;27;249;1203;334;433;305
201412;4030416;4;3;4;16;1;4684;2312;2372;49;299;463;172;382;2290;527;421;81;4684;574;1216;350;216;376;1244;328;847;457;2624;1304;1320;6;50;69;38;208;1507;334;347;65;10276;4982;5294;95;503;801;282;843;4931;1413;1154;254
201412;4030417;4;3;4;17;1;3807;1895;1912;46;232;381;109;337;1972;355;296;79;3807;737;1375;343;224;351;421;279;843;314;2279;1181;1098;6;45;60;35;234;1365;231;245;58;10758;5195;5563;91;450;683;238;807;5082;1432;1583;392
201412;4030518;4;3;5;18;1;3777;1899;1878;37;214;310;106;331;1989;433;295;62;3777;565;1171;353;157;251;650;351;818;379;2248;1166;1082;0;46;55;34;212;1352;265;231;53;9313;4572;4741;73;315;468;169;808;4696;1283;1183;318
201412;4030519;4;3;5;19;1;2301;1217;1084;37;147;213;62;200;1250;242;127;23;2301;383;758;234;104;169;306;231;506;227;1312;707;605;7;15;52;19;118;827;152;103;19;5597;2820;2777;63;220;297;100;542;2882;699;661;133
201412;4030620;4;3;6;20;1;3528;1763;1765;39;208;325;115;255;1881;381;253;71;3528;531;1219;375;159;408;386;322;686;348;2057;1050;1007;6;49;74;40;163;1275;217;183;50;8480;4041;4439;63;309;494;181;621;3843;1128;1283;558
201412;4030621;4;3;6;21;1;1541;826;715;10;90;146;41;153;863;126;96;16;1541;247;571;166;124;191;183;104;247;121;934;509;425;0;15;18;17;104;618;83;66;13;2984;1594;1390;18;110;182;59;318;1659;299;287;52
201412;4030622;4;3;6;22;1;4472;2225;2247;48;245;389;134;364;2281;554;383;74;4472;745;1475;384;209;473;585;383;924;423;2621;1349;1272;9;44;61;36;203;1571;343;289;65;10186;4982;5204;81;357;563;187;802;4713;1382;1669;432
201412;4030623;4;3;6;23;1;2413;1139;1274;48;159;202;55;199;1241;248;222;39;2413;327;666;167;78;498;248;207;516;200;1426;651;775;16;37;53;28;126;832;164;140;30;4544;2162;2382;60;197;247;80;363;2189;519;700;189
201412;4030724;4;3;7;24;1;2077;966;1111;18;89;193;58;146;998;250;215;110;2077;435;826;252;75;284;161;138;448;145;1215;564;651;3;13;24;16;90;701;146;133;89;6294;2886;3408;34;183;393;133;405;2616;903;1184;443
201412;4030725;4;3;7;25;1;4388;2247;2141;43;276;405;97;364;2399;422;307;75;4388;1158;1891;357;291;422;261;198;1071;254;2845;1481;1364;10;58;109;37;270;1748;303;253;57;11822;5848;5974;101;474;777;225;938;5753;1655;1624;275
201412;4030726;4;3;7;26;1;2153;1050;1103;16;118;195;70;121;1145;268;172;48;2153;470;832;190;94;279;119;166;491;172;1310;667;643;0;30;57;23;62;790;191;112;45;5407;2586;2821;29;195;322;108;299;2400;813;980;261
201412;4030827;4;3;8;27;1;5911;3066;2845;63;316;509;159;478;3154;653;482;97;5911;1034;1988;383;351;503;571;720;1406;372;3849;2025;1824;15;91;107;46;329;2321;455;400;85;11852;6009;5843;88;458;703;232;962;5865;1554;1624;366
201412;4030828;4;3;8;28;1;3843;1913;1930;38;181;275;89;305;2095;492;298;70;3843;917;1433;278;185;313;249;303;1141;219;2481;1253;1228;9;40;65;12;201;1511;351;228;64;9315;4621;4694;67;290;451;170;656;4449;1456;1473;303
201412;4030929;4;3;9;29;1;2336;1162;1174;28;122;180;68;175;1170;324;218;51;2336;602;942;178;99;245;140;134;588;188;1481;760;721;6;35;46;21;122;827;213;178;33;5838;2872;2966;46;212;324;117;387;2661;891;988;212
201412;4030930;4;3;9;30;1;2214;1161;1053;25;96;194;55;139;1086;336;215;68;2214;637;926;134;86;241;120;100;599;142;1436;776;660;6;19;54;9;82;772;238;188;68;5444;2730;2714;41;189;323;104;292;2380;876;1039;200
201412;4030931;4;3;9;31;1;1720;886;834;18;89;126;36;119;899;229;141;63;1720;363;623;145;55;202;103;160;443;134;1121;589;532;3;23;40;21;79;638;155;108;54;3432;1775;1657;24;123;164;51;183;1575;522;627;163
201412;4031032;4;3;10;32;1;5373;2576;2797;58;292;477;123;361;2834;627;490;111;5373;1050;2104;575;270;716;314;340;1204;425;3141;1529;1612;10;51;108;30;222;1898;399;346;77;14638;6985;7653;111;478;797;244;899;6427;2181;2750;751
201412;4041133;4;4;11;33;2;19;6;13;0;0;3;0;3;13;0;0;0;19;3;3;0;0;0;0;6;6;4;12;3;9;0;0;3;0;0;9;0;0;0;44;21;23;0;0;3;0;3;26;6;3;3
201412;4041134;4;4;11;34;2;1726;827;899;18;111;170;48;151;871;174;130;53;1726;374;634;115;40;307;103;81;419;142;1007;467;540;3;15;33;18;105;583;104;102;44;4979;2393;2586;24;184;315;126;322;1864;616;1121;407
201412;4041135;4;4;11;35;2;886;423;463;6;58;114;35;49;403;122;84;15;886;145;267;55;15;279;37;16;233;39;518;251;267;0;22;24;13;28;262;82;72;15;2762;1290;1472;9;109;201;54;136;913;386;711;243
201412;4041136;4;4;11;36;2;937;441;496;9;46;131;42;55;433;111;97;13;937;146;314;96;36;218;39;40;224;66;557;255;302;0;6;36;15;40;317;66;67;10;2990;1402;1588;28;85;240;66;138;1016;405;768;244
201412;4041137;4;4;11;37;2;2470;1188;1282;27;187;232;73;152;1231;330;187;51;2470;351;904;346;154;403;175;159;449;226;1329;663;666;9;34;34;21;77;785;194;139;36;7729;3551;4178;54;299;417;162;483;3200;1078;1552;484
201412;4041238;4;4;12;38;2;1595;775;820;24;116;252;65;85;766;158;95;34;1595;202;517;198;63;237;152;113;347;166;769;366;403;0;18;52;16;49;460;94;59;21;5597;2544;3053;37;227;484;154;276;2018;753;1150;498
201412;4041239;4;4;12;39;2;79;40;39;3;0;6;0;6;49;12;3;0;79;15;24;3;0;21;3;16;12;3;61;28;33;3;0;3;0;6;34;12;3;0;186;105;81;3;0;9;0;12;100;47;15;0
201412;4041240;4;4;12;40;2;390;186;204;3;18;61;23;30;190;32;21;12;390;98;168;18;31;61;9;6;98;17;232;106;126;0;0;22;6;27;133;20;15;9;1551;699;852;6;45;143;48;65;507;197;417;123
201412;4041241;4;4;12;41;2;1525;738;787;13;111;175;62;98;754;183;99;30;1525;292;541;139;55;213;91;192;304;129;862;448;414;3;28;43;15;59;505;105;86;18;6952;3096;3856;38;256;446;173;359;2579;950;1619;532
201412;4041342;4;4;13;42;2;1132;542;590;12;69;70;27;54;553;169;118;60;1132;126;471;244;43;149;102;53;214;100;613;297;316;3;12;12;9;29;342;97;71;38;3974;1811;2163;22;112;138;51;168;1398;721;1073;291
201412;4041343;4;4;13;43;2;990;464;526;16;51;97;22;61;502;123;94;24;990;151;334;88;36;154;91;31;261;83;531;266;265;3;6;25;6;41;319;70;49;12;3540;1644;1896;32;117;217;76;221;1449;547;692;189
201412;4041344;4;4;13;44;2;2572;1257;1315;31;167;303;96;136;1250;314;227;48;2572;559;990;234;109;186;141;142;807;197;1524;752;772;9;55;61;28;89;845;207;188;42;10660;4794;5866;75;404;773;266;639;4297;1473;2098;635
201412;4051445;4;5;14;45;1;2419;1160;1259;30;179;250;66;148;1261;263;185;37;2419;298;777;281;144;289;204;300;492;213;1335;644;691;3;54;58;18;78;791;158;138;37;6116;2898;3218;46;252;388;124;400;2752;849;1014;291
201412;4051446;4;5;14;46;1;4093;2036;2057;49;258;374;110;286;2024;517;370;105;4093;858;1570;348;128;729;200;196;964;306;2365;1210;1155;6;43;102;30;197;1341;316;249;81;10449;5062;5387;92;385;613;200;629;4506;1521;1967;536
201412;4051447;4;5;14;47;1;1989;948;1041;15;114;184;48;154;997;265;148;64;1989;421;768;170;81;256;114;116;516;138;1238;624;614;3;16;45;21;103;726;178;97;49;5173;2458;2715;24;178;327;88;328;2252;706;882;388
201412;4051448;4;5;14;48;1;3705;1871;1834;49;175;259;89;269;1947;506;353;58;3705;794;1418;323;121;420;309;240;923;274;2340;1207;1133;14;33;63;27;174;1387;318;275;49;8915;4412;4503;64;284;390;155;520;3971;1334;1715;482
201412;4051549;4;5;15;49;1;1559;816;743;19;121;177;64;122;789;165;83;19;1559;260;560;138;217;118;171;91;267;135;972;514;458;7;50;73;34;88;554;97;57;12;4227;2049;2178;37;179;274;102;326;1962;565;567;215
201412;4051550;4;5;15;50;1;1965;934;1031;12;97;230;64;153;1018;234;118;39;1965;381;761;189;107;187;200;139;421;150;1136;555;581;3;27;33;21;96;679;150;97;30;5371;2611;2760;34;185;374;124;436;2571;729;743;175
201412;4051551;4;5;15;51;1;1579;804;775;18;93;153;42;123;839;171;122;18;1579;244;598;175;82;186;124;91;351;147;905;481;424;3;10;22;15;73;551;119;94;18;4270;2056;2214;30;161;279;87;386;1986;579;632;130
201412;4051652;4;5;16;52;1;3289;1647;1642;21;165;294;91;254;1654;415;316;79;3289;743;1278;276;77;363;200;313;808;250;2059;1075;984;3;36;66;28;177;1139;293;251;66;9490;4483;5007;58;297;563;212;625;4091;1417;1741;486
201412;4051653;4;5;16;53;1;2455;1205;1250;28;162;216;61;191;1221;312;215;49;2455;466;890;201;111;300;255;136;547;216;1467;727;740;4;33;63;21;123;827;182;171;43;6623;3222;3401;47;234;375;113;423;2830;1003;1279;319
201412;4051654;4;5;16;54;1;934;448;486;14;46;70;15;95;482;112;91;9;934;150;292;79;49;126;68;49;257;93;544;252;292;7;21;12;3;61;301;75;61;3;2941;1359;1582;18;91;132;30;206;1251;393;587;233
201412;4051655;4;5;16;55;1;2698;1374;1324;43;212;285;74;199;1398;282;172;33;2698;469;927;269;130;317;264;294;566;200;1611;813;798;10;52;66;22;137;980;187;127;30;6911;3364;3547;73;325;437;143;528;3236;894;1027;248
201412;4051656;4;5;16;56;1;2118;1071;1047;21;146;192;70;186;1112;183;157;51;2118;490;868;187;110;137;140;157;559;147;1208;618;590;3;18;33;24;124;730;119;118;39;7474;3597;3877;60;323;531;188;562;3522;918;1108;262
201412;4061757;4;6;17;57;2;3;3;0;0;0;0;0;0;0;3;0;0;3;0;0;0;0;0;0;3;0;0;0;0;0;0;0;0;0;0;0;0;0;0;67;43;24;3;0;0;0;0;31;15;12;6
201412;5010101;5;1;1;1;2;2248;1125;1123;32;240;335;76;167;1024;216;127;31;2248;189;729;399;119;203;312;408;272;205;1011;511;500;10;57;79;27;75;568;95;88;12;9959;4710;5249;90;521;752;237;624;3981;1216;1582;956
201412;5010102;5;1;1;2;2;977;486;491;19;42;89;24;90;491;136;74;12;977;104;439;232;45;96;137;63;136;61;519;248;271;3;12;17;6;47;326;68;37;3;5671;2707;2964;35;148;280;92;422;2160;899;1257;378
201412;5010103;5;1;1;3;2;999;482;517;10;73;133;25;46;498;129;76;9;999;154;430;206;45;86;179;64;107;88;414;193;221;0;12;18;6;23;243;60;46;6;7413;3584;3829;53;226;491;189;518;2994;1111;1433;398
201412;5010204;5;1;2;4;2;1098;538;560;12;76;199;74;111;444;86;68;28;1098;66;226;112;33;330;71;126;178;134;469;224;245;6;34;60;24;46;241;25;21;12;3142;1416;1726;22;136;317;124;225;1032;383;549;354
201412;5010205;5;1;2;5;2;471;227;244;3;20;64;35;55;203;64;18;9;471;52;122;55;67;43;105;22;41;71;174;76;98;0;3;13;6;22;76;30;15;9;1906;941;965;9;70;156;99;238;875;295;146;18
201412;5010206;5;1;2;6;2;2870;1446;1424;54;206;409;110;232;1258;332;206;63;2870;137;874;574;112;662;550;131;174;367;1070;530;540;15;49;57;16;106;590;103;101;33;9945;4782;5163;88;440;760;244;762;3602;1292;2229;528
201412;5010207;5;1;2;7;2;4931;2371;2560;66;421;680;207;373;2143;600;352;89;4931;139;1084;757;103;1405;1105;289;330;615;1708;845;863;13;72;84;58;134;1020;168;138;21;11116;5275;5841;100;631;1050;348;800;4281;1375;1990;541
201412;5010208;5;1;2;8;2;2042;1034;1008;42;198;225;64;177;994;214;115;13;2042;140;712;386;98;241;445;116;261;169;1110;578;532;12;45;68;22;118;621;126;91;7;7464;3551;3913;85;400;462;164;628;3372;915;1119;319
201412;5010209;5;1;2;9;2;1577;794;783;24;126;194;72;121;764;172;89;15;1577;117;431;209;144;153;365;93;200;191;640;340;300;6;27;15;22;53;368;66;71;12;6014;2917;3097;51;210;395;155;443;2298;933;1202;327
201412;5010310;5;1;3;10;2;1037;518;519;15;92;134;27;80;552;69;62;6;1037;80;367;166;111;68;210;87;122;72;572;296;276;3;27;27;9;46;362;39;59;0;3761;1823;1938;34;176;281;71;324;1736;461;499;179
201412;5010311;5;1;3;11;2;2688;1379;1309;21;217;426;139;278;1200;211;141;55;2688;94;434;157;181;372;742;367;287;305;1368;732;636;6;69;101;44;158;738;120;96;36;5500;2571;2929;39;312;535;175;421;1958;529;768;763
201412;5010312;5;1;3;12;2;3216;1722;1494;42;271;372;121;356;1621;230;175;28;3216;204;1163;373;329;192;699;260;333;240;2083;1144;939;12;97;139;59;245;1215;152;145;19;6770;3548;3222;91;406;570;194;739;3300;683;631;156
201412;5010313;5;1;3;13;2;2297;1175;1122;39;158;270;109;272;1111;206;120;12;2297;267;803;265;214;165;443;178;295;199;1275;665;610;12;34;61;40;155;722;143;96;12;6497;3339;3158;71;273;480;206;714;3128;768;721;136
201412;5010314;5;1;3;14;2;3830;1935;1895;54;254;398;149;332;1946;422;245;30;3830;247;1361;658;294;380;620;276;489;410;1989;986;1003;15;43;90;44;179;1208;214;172;24;11671;5725;5946;113;478;755;311;1011;5449;1489;1553;512
201412;5010339;5;1;3;39;2;85;45;40;3;3;6;6;3;40;15;9;0;85;6;33;12;6;6;24;0;10;6;45;24;21;0;3;0;0;3;18;12;9;0;448;223;225;6;15;19;15;38;202;73;64;16
201412;5020415;5;2;4;15;2;675;333;342;3;45;118;22;54;330;64;30;9;675;72;300;176;18;69;96;25;75;92;187;83;104;0;0;3;0;15;129;25;15;0;3900;1991;1909;13;137;370;196;455;1637;596;385;111
201412;5020416;5;2;4;16;2;86;49;37;4;6;12;0;6;33;16;9;0;86;27;46;16;0;12;6;3;16;3;30;21;9;0;0;0;0;3;12;6;9;0;1736;840;896;7;46;94;34;132;653;247;415;108
201412;5020417;5;2;4;17;2;1347;685;662;18;66;182;78;116;626;147;111;3;1347;105;445;234;117;165;204;118;165;133;545;276;269;0;9;24;24;63;298;47;80;0;5709;2854;2855;33;154;423;178;448;2223;828;1163;259
201412;5020418;5;2;4;18;2;667;345;322;6;42;110;30;43;315;79;39;3;667;48;241;132;49;79;66;51;109;72;272;149;123;0;3;18;0;24;166;28;30;3;3971;1939;2032;21;154;382;117;321;1513;482;804;177
201412;5020419;5;2;4;19;2;1450;691;759;12;142;177;58;117;647;154;116;27;1450;116;558;343;128;168;191;130;145;130;650;318;332;0;36;39;18;40;363;72;67;15;6897;3115;3782;45;342;470;170;489;2470;786;1721;404
201412;5020420;5;2;4;20;2;121;63;58;0;6;19;20;6;49;12;9;0;121;3;32;29;12;9;16;22;12;18;37;16;21;0;0;3;0;0;25;0;9;0;929;480;449;9;43;80;56;73;442;115;84;27
201412;5020521;5;2;5;21;2;633;338;295;0;43;118;50;43;293;59;21;6;633;36;140;67;53;77;136;26;93;108;194;100;94;0;9;15;3;12;115;22;18;0;2876;1409;1467;12;155;325;137;218;1328;334;294;73
201412;5020522;5;2;5;22;2;2567;1297;1270;47;254;406;107;263;1142;191;127;30;2567;134;906;506;131;349;279;244;480;178;1405;706;699;13;75;146;53;169;793;72;66;18;7117;3457;3660;78;468;767;235;609;2740;788;1128;304
201412;5020523;5;2;5;23;2;5616;2764;2852;82;564;947;256;436;2430;516;321;64;5616;240;1237;773;227;1314;1013;629;509;687;2119;1002;1117;21;114;145;50;155;1293;195;124;22;11613;5610;6003;130;869;1367;410;927;4422;1292;1733;463
201412;5020524;5;2;5;24;2;858;416;442;7;49;105;43;45;392;140;62;15;858;136;386;186;39;81;87;44;134;87;314;141;173;0;3;11;3;21;184;58;31;3;6082;2905;3177;26;147;330;161;339;2004;952;1679;444
201412;5020625;5;2;6;25;2;2198;1107;1091;36;147;251;85;210;1027;252;162;28;2198;192;760;271;177;312;339;156;235;219;1144;595;549;15;42;61;28;136;647;110;96;9;7417;3497;3920;54;267;439;148;558;3054;931;1405;561
201412;5020626;5;2;6;26;2;4574;2300;2274;65;353;506;153;409;2301;466;272;49;4574;454;1587;661;433;277;864;325;681;407;2458;1227;1231;16;83;102;46;237;1493;240;217;24;17174;8327;8847;153;751;1093;392;1499;8016;2115;2474;681
201412;5020627;5;2;6;27;2;1239;628;611;15;131;181;44;137;534;121;64;12;1239;103;338;165;144;71;204;199;176;107;569;283;286;3;22;31;16;74;329;51;34;9;3889;1857;2032;42;211;325;100;304;1645;482;572;208
201412;5020628;5;2;6;28;2;378;187;191;6;30;43;24;26;163;46;37;3;378;23;111;69;25;34;110;18;34;46;172;84;88;3;3;6;15;10;85;30;17;3;1985;886;1099;15;66;100;56;109;611;250;570;208
201412;5020629;5;2;6;29;2;533;257;276;6;34;85;21;16;234;60;64;13;533;137;278;86;18;36;43;18;98;42;246;109;137;0;9;21;3;6;133;30;34;10;4370;2066;2304;12;98;266;78;166;1317;682;1398;353
201412;5030730;5;3;7;30;2;1877;960;917;19;179;302;102;133;927;129;71;15;1877;95;462;308;49;162;504;118;211;371;560;268;292;0;19;21;15;37;361;39;56;12;3786;1910;1876;38;273;464;161;272;1783;359;347;89
201412;5030731;5;3;7;31;2;4367;2164;2203;80;344;509;146;386;2042;524;287;49;4367;241;1449;954;186;633;874;365;373;487;1917;916;1001;21;65;92;33;201;1104;219;164;18;11499;5432;6067;123;528;799;252;934;4718;1509;2007;629
201412;5030832;5;3;8;32;2;4351;2167;2184;61;384;519;167;367;2029;473;315;36;4351;271;1255;647;442;190;874;335;737;518;2319;1117;1202;17;89;107;67;216;1274;256;266;27;11346;5548;5798;110;597;898;306;960;4921;1284;1693;577
201412;5030833;5;3;8;33;2;1121;679;442;26;77;142;35;221;549;47;24;0;1121;9;42;21;338;88;85;314;219;35;1024;640;384;20;71;130;28;209;514;34;18;0;1407;811;596;26;90;155;38;242;672;69;90;25
201412;5040934;5;4;9;34;2;1165;648;517;15;115;218;75;142;456;96;36;12;1165;101;198;73;328;103;48;207;229;52;859;483;376;9;78;147;45;124;380;43;24;9;3984;2041;1943;21;187;421;154;328;1321;605;784;163
201412;5040935;5;4;9;35;2;97;66;31;3;6;6;6;7;42;12;15;0;97;18;33;12;0;0;3;31;27;3;61;39;22;0;0;0;6;7;33;6;9;0;418;228;190;6;27;27;9;35;167;68;67;12
201412;5040936;5;4;9;36;2;1333;617;716;27;133;286;64;60;559;108;81;15;1333;271;560;188;31;109;142;57;293;141;413;172;241;0;12;24;0;21;253;40;57;6;9324;4600;4724;84;502;1077;357;545;3581;1191;1640;347
201412;5040937;5;4;9;37;2;246;121;125;0;17;45;9;12;94;48;15;6;246;60;106;37;9;16;18;6;75;16;85;36;49;0;0;0;3;9;42;22;9;0;2148;1083;1065;3;66;176;57;87;604;397;569;189
201412;5040938;5;4;9;38;2;350;153;197;3;31;49;23;18;143;43;37;3;350;99;176;59;0;46;6;16;80;26;132;55;77;3;0;6;4;9;61;24;22;3;3565;1714;1851;15;125;299;118;197;1120;620;869;202
201412;6010101;6;1;1;1;2;1440;694;746;18;90;178;55;126;701;131;104;37;1440;290;594;192;73;105;119;61;358;130;766;366;400;3;9;36;17;71;443;85;80;22;6820;3067;3753;46;225;511;193;495;2456;851;1461;582
201412;6010102;6;1;1;2;2;2901;1420;1481;55;231;278;102;210;1485;298;191;51;2901;471;1043;313;174;247;305;183;726;223;1654;810;844;9;46;48;40;120;997;204;154;36;8755;4137;4618;99;407;528;212;672;4121;1240;1216;260
201412;6010103;6;1;1;3;2;1852;891;961;27;137;204;55;92;960;193;141;43;1852;369;725;197;122;140;189;93;405;178;942;452;490;3;28;30;9;49;572;112;102;37;6334;2959;3375;81;306;412;149;373;3071;838;892;212
201412;6010204;6;1;2;4;2;2042;974;1068;25;152;222;76;143;1024;233;146;21;2042;245;765;318;170;151;340;77;339;200;960;469;491;3;22;18;27;77;581;113;101;18;6830;3180;3650;49;285;496;174;508;2848;879;1246;345
201412;6010205;6;1;2;5;2;2656;1320;1336;42;221;290;103;194;1333;289;136;48;2656;412;996;411;157;228;380;171;472;252;1286;625;661;9;31;43;22;116;808;140;90;27;9627;4579;5048;84;455;630;225;706;4412;1262;1452;401
201412;6010206;6;1;2;6;2;1887;951;936;28;133;185;47;136;874;229;213;42;1887;233;708;255;123;192;166;154;389;155;1024;512;512;3;28;30;9;87;558;126;150;33;7638;3490;4148;76;324;462;135;505;3198;961;1413;564
201412;6010207;6;1;2;7;2;2307;1145;1162;31;183;255;68;149;1167;299;122;33;2307;348;824;355;137;213;224;177;552;180;1217;618;599;0;27;43;21;87;750;177;82;30;7863;3693;4170;67;342;501;160;520;3537;1058;1277;401
201412;6010208;6;1;2;8;2;1719;837;882;30;107;170;58;117;894;197;125;21;1719;276;630;219;98;165;201;82;373;170;888;438;450;3;21;33;12;62;542;109;85;21;6433;3125;3308;60;254;385;143;458;2958;937;1010;228
201412;6010209;6;1;2;9;2;2618;1268;1350;27;178;270;88;198;1374;249;198;36;2618;416;1001;355;233;177;335;153;502;217;1398;662;736;9;18;36;24;123;855;135;162;36;9055;4218;4837;81;344;505;176;615;4317;1152;1415;450
201412;6010210;6;1;2;10;2;1238;610;628;22;103;96;27;95;642;150;82;21;1238;162;428;170;77;114;172;109;216;122;633;310;323;4;10;15;6;56;371;90;66;15;4887;2259;2628;40;243;257;80;364;2225;636;704;338
201412;6020301;6;2;3;1;2;980;483;497;12;68;141;25;82;472;86;75;19;980;130;427;212;49;96;112;25;177;94;456;211;245;3;9;9;3;52;266;51;51;12;4985;2322;2663;24;183;373;119;311;1880;618;1150;327
201412;6020302;6;2;3;2;2;1031;490;541;18;73;123;42;49;448;148;97;33;1031;181;468;217;88;89;73;49;178;86;518;250;268;3;3;28;12;24;261;93;76;18;5391;2457;2934;37;191;326;111;254;1841;737;1308;586
201412;6020303;6;2;3;3;2;1839;936;903;27;170;196;44;109;946;202;123;22;1839;184;706;361;128;139;261;131;302;172;927;482;445;3;12;36;10;71;577;106;90;22;7249;3320;3929;67;356;420;120;476;3252;913;1238;407
201412;6020304;6;2;3;4;2;1613;773;840;27;118;188;43;135;801;174;109;18;1613;146;585;285;118;123;250;92;326;119;816;387;429;3;36;30;15;72;485;91;75;9;6887;3221;3666;57;287;412;141;511;3007;867;1209;396
201412;6020305;6;2;3;5;2;3324;1650;1674;34;220;324;99;363;1607;386;230;61;3324;394;1305;689;113;387;499;221;508;291;1748;876;872;6;21;37;29;272;1041;173;133;36;11139;5177;5962;77;461;750;259;903;4399;1410;2033;847
201412;6020306;6;2;3;6;2;1057;512;545;27;60;125;60;48;506;135;84;12;1057;146;456;208;60;51;147;55;168;120;444;208;236;3;12;18;12;22;260;48;63;6;6415;3069;3346;66;231;446;208;389;2392;944;1351;388
201412;6020407;6;2;4;7;2;2298;1125;1173;27;161;258;82;340;1018;262;126;24;2298;203;658;376;75;291;335;192;581;166;1184;567;617;9;27;42;15;261;639;92;81;18;4824;2339;2485;42;228;359;126;542;1730;544;994;259
201412;6020408;6;2;4;8;2;1273;626;647;15;95;176;84;90;554;142;96;21;1273;155;474;246;99;130;137;93;252;88;578;267;311;3;7;30;30;33;330;73;57;15;6477;3056;3421;36;263;427;181;433;2420;820;1467;430
201412;6020409;6;2;4;9;2;1695;841;854;25;117;168;58;93;796;224;173;41;1695;254;737;338;84;133;160;63;356;162;903;458;445;4;17;26;22;48;508;140;113;25;8222;3835;4387;64;328;526;177;423;3045;1073;1881;705
201412;6020410;6;2;4;10;2;1075;507;568;15;63;110;37;129;455;148;97;21;1075;211;458;168;30;80;93;24;304;86;607;293;314;0;0;12;10;108;288;86;88;15;6884;3219;3665;42;238;594;213;454;2562;1011;1414;356
201412;6020411;6;2;4;11;2;1692;832;860;18;132;243;73;110;738;221;142;15;1692;202;794;473;82;104;175;67;274;196;709;344;365;3;15;30;18;56;416;76;83;12;8445;3987;4458;53;330;690;255;508;2977;1244;1821;567
201412;6030501;6;3;5;1;2;925;456;469;9;63;151;42;65;417;86;89;3;925;179;354;110;21;65;70;58;286;71;480;233;247;3;9;33;9;20;283;63;57;3;5582;2646;2936;28;204;523;188;309;1869;708;1381;372
201412;6030502;6;3;5;2;2;1040;499;541;19;83;130;22;60;481;126;91;28;1040;165;459;189;42;110;78;73;216;62;475;225;250;3;10;16;6;30;286;60;51;13;5450;2456;2994;46;206;314;108;332;2281;745;1038;380
201412;6030503;6;3;5;3;2;2662;1262;1400;36;192;357;116;193;1188;354;177;49;2662;405;886;305;90;243;208;112;874;249;1334;598;736;12;37;58;18;112;718;211;134;34;11272;5155;6117;91;433;846;305;807;4415;1624;2155;596
201412;6030504;6;3;5;4;2;2016;946;1070;13;121;301;124;121;855;248;183;50;2016;417;782;198;36;137;110;76;735;140;1013;495;518;0;18;37;18;75;541;149;144;31;10958;5079;5879;67;371;919;332;602;3566;1451;2609;1041
201412;6030605;6;3;6;5;2;1693;887;806;24;120;195;67;135;799;224;105;24;1693;349;709;210;89;139;102;61;484;109;943;505;438;6;24;50;16;91;544;121;76;15;6933;3372;3561;49;264;501;185;461;2888;979;1278;328
201412;6030606;6;3;6;6;2;1563;763;800;20;98;221;46;133;769;147;99;30;1563;226;519;178;141;100;215;115;367;106;895;467;428;4;34;46;18;90;511;78;87;27;5275;2509;2766;47;196;428;140;421;2283;663;853;244
201412;6030607;6;3;6;7;2;1191;560;631;6;46;73;19;278;650;64;43;12;1191;285;564;117;27;85;88;34;329;64;886;406;480;0;3;3;0;248;537;43;40;12;3241;1569;1672;15;122;204;65;412;1451;327;508;137
201412;6030608;6;3;6;8;2;2625;1337;1288;18;194;428;171;200;1143;270;158;43;2625;450;976;293;139;197;186;128;715;284;1206;636;570;0;39;83;69;127;622;131;102;33;11970;5876;6094;57;537;1244;456;752;4646;1477;2153;648
201412;6030609;6;3;6;9;2;2467;1199;1268;46;194;289;90;201;1196;243;166;42;2467;535;1001;265;122;152;223;231;568;170;1364;675;689;19;23;46;15;121;831;141;135;33;11847;5630;6217;97;521;916;290;773;4819;1651;2229;551
201412;6030610;6;3;6;10;2;1640;781;859;18;127;225;89;118;725;199;115;24;1640;474;742;126;67;115;100;74;469;73;921;437;484;0;33;30;21;86;511;143;76;21;8159;3794;4365;57;366;787;291;457;3036;1124;1575;466
201412;6040701;6;4;7;1;2;1624;755;869;21;125;226;55;113;705;195;156;28;1624;367;656;182;56;168;59;44;541;100;848;381;467;3;18;30;9;70;453;129;114;22;9631;4610;5021;74;450;803;247;478;3374;1316;2258;631
201412;6040702;6;4;7;2;2;986;465;521;9;58;188;61;72;398;118;70;12;986;207;350;91;34;74;56;56;325;91;418;184;234;0;6;20;0;29;242;54;58;9;5360;2591;2769;33;220;569;193;320;1970;846;999;210
201412;6040703;6;4;7;3;2;2491;1217;1274;15;140;237;78;513;1061;209;187;51;2491;527;1010;261;60;222;99;98;940;62;1658;810;848;3;24;30;13;451;808;140;144;45;10716;5048;5668;61;445;917;290;992;3691;1269;2237;814
201412;6040804;6;4;8;4;2;1154;541;613;15;75;166;48;100;460;137;125;28;1154;337;526;119;27;63;27;24;419;68;619;268;351;0;3;21;10;67;322;70;104;22;7483;3460;4023;37;270;669;244;458;2387;1042;1837;539
201412;6040805;6;4;8;5;2;993;452;541;9;82;146;45;67;384;146;91;23;993;260;437;120;27;86;40;25;341;37;516;232;284;0;12;15;9;39;265;93;66;17;5278;2402;2876;22;229;415;164;316;1788;765;1220;359
201412;6040806;6;4;8;6;2;1010;446;564;12;70;141;53;78;435;115;82;24;1010;274;465;121;20;60;25;28;378;34;532;226;306;3;12;9;6;55;296;69;61;21;7227;3244;3983;42;229;732;236;420;2488;963;1632;485
201412;6040807;6;4;8;7;2;1214;593;621;15;87;151;57;110;557;131;82;24;1214;276;476;117;19;86;86;54;424;69;675;331;344;3;15;21;18;56;380;94;67;21;5753;2506;3247;43;220;453;162;344;1904;701;1154;772
201412;6040808;6;4;8;8;2;1465;688;777;15;117;278;90;120;656;126;57;6;1465;193;384;122;34;181;96;64;530;176;591;256;335;0;6;40;35;57;343;59;45;6;4150;2032;2118;40;255;563;198;291;1880;406;445;72
201412;6040809;6;4;8;9;2;1393;679;714;9;67;158;70;127;617;156;143;46;1393;342;515;95;12;130;42;50;577;67;895;448;447;3;15;31;6;81;486;108;122;43;4969;2367;2602;18;177;511;182;377;1778;685;981;260
201412;6040810;6;4;8;10;2;1828;889;939;19;107;272;74;143;823;208;130;52;1828;437;695;131;24;227;50;98;620;114;1047;484;563;6;12;55;28;99;570;126;109;42;6854;3253;3601;31;257;661;228;453;2367;829;1552;476
201412;7010101;7;1;1;1;1;4018;2064;1954;46;193;297;110;257;2108;549;384;74;4018;815;1401;282;128;608;405;297;820;359;2342;1211;1131;6;47;58;42;176;1374;324;269;46;9397;4872;4525;71;301;449;165;525;4286;1434;1613;553
201412;7010102;7;1;1;2;1;7972;4113;3859;82;433;885;326;777;3905;787;614;163;7972;1200;2102;418;558;802;1693;698;1396;723;4765;2509;2256;10;87;162;139;494;2751;513;494;115;15450;8211;7239;122;605;1087;387;1406;7497;1978;1884;484
201412;7010103;7;1;1;3;1;3461;1737;1724;30;200;364;100;320;1827;389;198;33;3461;839;1362;299;141;130;635;209;716;268;2082;1097;985;6;35;71;34;206;1277;262;158;33;9956;4929;5027;80;398;714;231;719;4945;1388;1188;293
201412;7010104;7;1;1;4;1;7620;3943;3677;85;460;831;288;698;3769;701;660;128;7620;953;1724;314;328;752;2265;788;986;777;4733;2500;2233;12;76;161;121;461;2721;506;565;110;13512;7084;6428;129;657;1024;338;1163;7104;1519;1322;256
201412;7020201;7;2;2;1;1;3227;1573;1654;30;217;324;130;243;1632;349;247;55;3227;729;1197;245;176;301;461;155;634;303;1734;847;887;4;24;50;48;152;1030;194;195;37;10335;4926;5409;64;381;661;233;687;4716;1409;1685;499
201412;7020202;7;2;2;2;1;3774;2012;1762;55;232;359;106;331;2093;319;231;48;3774;679;1407;314;183;189;625;284;691;395;2174;1218;956;6;15;58;27;227;1414;206;179;42;9832;4995;4837;111;422;542;176;791;5014;1167;1274;335
201412;7020203;7;2;2;3;1;7080;3674;3406;87;455;757;243;689;3635;681;467;66;7080;1232;2068;372;319;241;1792;619;1303;738;4149;2193;1956;15;74;116;93;402;2523;460;403;63;17298;8725;8573;162;779;1191;417;1417;9005;2224;1666;437
201412;7020204;7;2;2;4;1;3830;1978;1852;54;276;397;91;336;2131;294;221;30;3830;903;1452;276;162;146;825;230;676;339;2237;1168;1069;9;36;51;35;220;1459;216;187;24;11395;5742;5653;121;554;690;193;859;6652;1285;913;128
201412;7030301;7;3;3;1;1;5491;2670;2821;77;393;673;215;448;2679;587;359;60;5491;1280;2301;549;248;365;503;274;1312;488;2880;1394;1486;9;48;93;55;302;1747;320;264;42;23870;11130;12740;208;1032;1897;603;1615;10568;3510;3643;794
201412;7030302;7;3;3;2;1;2537;1241;1296;24;177;276;92;209;1226;306;202;25;476;55;216;122;54;30;21;64;76;15;1301;648;653;6;21;39;18;136;759;136;161;25;9151;4362;4789;69;399;685;237;669;4032;1382;1396;282
201412;7030303;7;3;3;3;1;4833;2393;2440;86;351;616;200;427;2360;444;318;31;322;59;140;47;27;18;36;18;62;21;2430;1207;1223;13;36;81;61;230;1439;270;272;28;12073;5831;6242;128;576;975;326;1097;5741;1469;1444;317
201412;7040401;7;4;4;1;2;5785;2859;2926;74;416;643;242;510;2937;526;374;63;2537;507;862;207;112;137;396;166;644;220;2782;1370;1412;3;22;53;64;245;1753;300;285;57;17126;8204;8922;146;799;1334;488;1249;7534;2094;2701;781
201412;7040402;7;4;4;2;2;361;184;177;6;29;46;3;19;193;41;18;6;4833;505;1214;427;191;142;1568;244;783;691;150;76;74;0;0;6;0;13;97;19;15;0;2102;984;1118;12;58;120;27;115;804;285;409;272
201412;7040403;7;4;4;3;2;7721;3849;3872;134;597;935;249;623;4004;651;453;75;5785;807;1727;549;284;165;1730;318;793;768;4038;2070;1968;21;94;172;86;361;2494;379;371;60;23418;11113;12305;245;1019;1556;489;1860;11164;2896;3238;951
201412;7040404;7;4;4;4;2;1115;556;559;10;80;153;39;92;493;114;112;22;361;32;110;51;7;27;55;43;79;40;546;282;264;3;9;24;15;58;275;58;85;19;5057;2376;2681;31;177;327;102;356;1943;620;1154;347
201412;7040405;7;4;4;5;2;3907;1937;1970;72;327;441;153;326;2034;295;216;43;7721;929;2531;958;560;450;1468;739;1133;840;2057;1028;1029;16;53;72;57;173;1304;168;183;31;10567;5067;5500;113;503;686;249;845;4984;1170;1382;635
201412;7040406;7;4;4;6;2;1630;901;729;46;162;91;18;165;912;141;83;12;1115;126;360;168;79;77;269;127;97;106;959;549;410;9;34;24;0;103;616;93;71;9;3590;1848;1742;55;222;143;33;381;1944;373;351;88
201412;7050501;7;5;5;1;2;5465;2705;2760;103;456;614;199;448;2687;560;331;67;3907;358;1071;382;300;240;861;553;454;428;2661;1324;1337;20;66;107;79;244;1534;315;253;43;15872;7659;8213;161;723;949;324;1197;7011;2050;2692;765
201412;7050502;7;5;5;2;2;2351;1189;1162;32;143;291;81;203;1220;244;116;21;1630;130;566;230;108;58;320;261;179;138;1240;631;609;6;22;50;24;131;785;121;80;21;7700;3637;4063;52;254;462;174;548;3143;987;1257;823
201412;7050503;7;5;5;3;2;2496;1214;1282;34;165;261;88;196;1223;314;169;46;5465;430;1814;863;394;429;1116;483;584;645;1172;564;608;3;29;40;20;105;680;140;127;28;9106;4184;4922;76;310;488;171;606;3723;1263;1773;696
201412;7050504;7;5;5;4;2;1533;778;755;12;117;184;78;160;692;172;85;33;2351;251;906;395;164;109;535;127;232;278;628;310;318;3;16;22;12;78;358;61;57;21;5480;2618;2862;37;213;400;168;434;2136;676;1016;400
201412;7050505;7;5;5;5;2;2463;1209;1254;30;160;366;110;201;1122;274;172;28;2496;198;870;427;170;177;614;168;231;266;1016;499;517;3;27;30;45;91;581;101;116;22;10460;4910;5550;62;392;752;282;713;3716;1418;2137;988
201412;7050506;7;5;5;6;2;435;222;213;3;42;56;21;31;200;39;40;3;1533;95;518;315;121;131;331;130;153;149;174;85;89;0;12;3;6;15;82;16;37;3;2209;1083;1126;9;93;160;60;142;795;329;512;109
201412;7060601;7;6;6;1;2;3621;1894;1727;48;283;524;183;369;1574;359;198;83;2463;174;719;371;121;245;674;122;290;292;1877;1016;861;18;122;221;81;244;952;138;80;21;9901;4897;5004;84;466;858;318;786;3830;1182;1814;563
201412;7060602;7;6;6;2;2;868;453;415;6;71;109;30;49;436;95;63;9;435;54;145;51;15;28;96;33;70;48;353;175;178;3;9;9;6;28;205;39;48;6;4606;2313;2293;28;184;371;143;281;1760;672;956;211
201412;7060603;7;6;6;3;2;846;406;440;13;80;158;54;67;344;74;53;3;3621;161;953;694;260;716;309;606;505;272;347;155;192;3;18;22;21;33;180;28;39;3;2740;1306;1434;22;122;215;78;173;857;353;784;136
201412;7060604;7;6;6;4;2;4455;2140;2315;57;355;530;158;285;2033;574;358;105;868;121;381;159;60;106;91;46;106;78;1463;697;766;9;44;56;27;119;925;140;122;21;13843;6480;7363;115;631;1002;330;940;5076;1780;3091;878
201412;7070701;7;7;7;1;2;1800;896;904;15;154;294;86;109;821;188;118;15;846;70;281;144;98;62;104;100;113;88;762;377;385;3;21;36;25;64;452;78;77;6;10408;4969;5439;64;399;813;310;662;3853;1427;2227;653
201412;7070702;7;7;7;2;2;1627;769;858;24;108;241;85;94;758;197;95;25;4455;142;1591;1153;164;1265;564;184;259;428;584;258;326;3;12;15;9;42;343;82;59;19;10151;4879;5272;74;379;737;279;667;3895;1485;2170;465
201412;7070703;7;7;7;3;2;1542;751;791;18;74;184;79;96;710;227;129;25;1800;232;720;352;163;131;268;116;233;169;616;294;322;6;6;19;25;33;364;83;71;9;7480;3527;3953;37;235;508;231;451;2662;1041;1832;483
201412;7070704;7;7;7;4;2;2468;1216;1252;35;186;431;147;176;1007;286;170;30;1627;217;717;392;150;110;251;73;159;167;981;486;495;13;26;98;46;92;530;107;66;3;8128;3865;4263;62;395;822;322;615;2927;1022;1584;379
201412;7070705;7;7;7;5;2;995;472;523;14;61;157;62;69;464;108;54;6;1542;109;584;422;56;176;184;150;216;176;399;172;227;3;9;15;12;36;234;54;30;6;7008;3401;3607;51;260;600;248;461;2692;1004;1398;294
201412;7070706;7;7;7;6;2;476;252;224;15;52;79;18;31;201;38;30;12;2468;105;805;591;151;482;288;370;194;178;250;137;113;6;27;27;6;28;116;16;21;3;3723;1736;1987;36;164;283;98;206;1360;503;745;328
201412;7070707;7;7;7;7;2;322;147;175;13;21;37;22;24;119;43;40;3;995;132;505;279;51;75;111;36;147;70;162;64;98;3;6;9;3;9;82;22;25;3;2823;1358;1465;31;101;193;88;162;923;459;743;123
201412;8010115;8;1;1;15;1;349;190;159;6;18;33;3;29;207;35;15;3;349;85;124;24;24;3;57;25;85;31;216;122;94;3;3;3;0;19;152;21;12;3;867;452;415;15;43;59;13;58;468;134;58;19
201412;8010116;8;1;1;16;1;1877;1015;862;25;110;174;45;169;1027;151;154;22;1877;272;467;87;138;24;742;145;193;168;1203;651;552;7;15;18;14;103;774;102;148;22;3524;1875;1649;40;154;219;60;304;2061;337;297;52
201412;8010117;8;1;1;17;1;7824;4190;3634;90;496;722;193;686;4649;544;412;32;7824;1749;2923;515;513;164;1744;869;1176;435;5341;2894;2447;10;123;158;90;479;3674;409;366;32;16108;8506;7602;166;732;898;263;1251;10068;1422;1079;229
201412;8010118;8;1;1;18;1;6845;3570;3275;101;532;920;293;762;3503;387;299;48;6845;825;1880;437;479;131;1748;1268;740;599;4232;2238;1994;33;158;221;113;485;2648;278;258;38;11773;6034;5739;122;617;1001;330;1306;6258;863;816;460
201412;8010211;8;1;2;11;1;5886;3068;2818;81;355;610;177;615;3315;382;318;33;5886;1040;1971;294;469;116;1424;683;799;424;4039;2133;1906;21;121;145;88;413;2666;272;280;33;10204;5331;4873;117;464;698;207;965;6096;813;712;132
201412;8010212;8;1;2;12;1;4893;2447;2446;66;365;769;232;368;2302;425;318;48;4893;365;917;380;384;66;1946;626;392;562;2527;1274;1253;10;43;120;58;192;1537;270;261;36;7474;3722;3752;82;410;845;254;638;3516;787;791;151
201412;8010213;8;1;2;13;1;6853;3626;3227;123;517;723;235;708;3745;429;345;28;6853;1037;2304;509;580;160;1589;900;800;520;4562;2441;2121;27;167;182;122;461;2942;324;312;25;12812;6680;6132;171;664;855;293;1249;7394;984;996;206
201412;8010214;8;1;2;14;1;4599;2417;2182;61;308;569;205;484;2404;352;182;34;4599;515;1363;417;466;97;1230;708;415;320;2899;1531;1368;21;88;125;80;327;1803;255;166;34;8249;4312;3937;78;376;657;226;915;4364;763;617;253
201412;8010301;8;1;3;1;1;13112;6713;6399;201;791;1251;381;1068;7844;855;673;48;13112;3219;4792;851;887;233;3024;1144;2056;976;8514;4400;4114;44;133;227;122;709;6054;593;587;45;28139;14066;14073;373;1373;1619;482;1877;17781;2341;1857;436
201412;8010302;8;1;3;2;1;1285;648;637;15;110;155;45;94;681;106;67;12;1285;204;431;141;106;60;341;111;126;110;752;374;378;0;13;22;18;61;495;85;49;9;3780;1877;1903;33;175;226;63;228;1939;445;536;135
201412;8010303;8;1;3;3;1;5021;2642;2379;62;321;502;175;533;2806;337;255;30;5021;871;1570;221;534;104;1249;650;570;344;3434;1825;1609;16;81;119;65;373;2258;264;231;27;8552;4493;4059;98;413;554;203;836;5153;657;553;85
201412;8010404;8;1;4;4;1;11993;6419;5574;182;852;1351;418;1169;6524;801;620;76;11993;1857;3966;932;1216;254;2476;1633;1494;954;7893;4284;3609;44;256;361;172;797;5002;641;556;64;23397;12148;11249;282;1162;1620;510;2193;13663;1985;1616;366
201412;8010405;8;1;4;5;1;4069;2121;1948;57;303;434;148;416;2263;271;146;31;4069;719;1562;360;393;160;760;425;468;301;2732;1449;1283;10;114;135;72;294;1764;193;125;25;9035;4470;4565;93;479;545;193;768;5159;758;760;280
201412;8010406;8;1;4;6;1;3798;1973;1825;77;402;503;136;346;1942;228;148;16;3798;402;1260;265;265;125;842;608;370;328;2391;1268;1123;31;154;163;62;234;1462;161;111;13;7031;3597;3434;101;475;570;166;629;3632;623;630;205
201412;8010407;8;1;4;7;1;338;187;151;7;13;19;3;36;208;28;21;3;338;96;125;16;21;16;67;29;48;32;218;123;95;4;0;4;0;21;147;18;21;3;801;419;382;13;25;32;3;81;539;57;45;6
201412;8010508;8;1;5;8;1;3711;1904;1807;79;414;516;159;375;1740;267;134;27;3711;128;496;223;204;61;1623;579;238;510;1816;940;876;3;51;77;53;168;1157;174;112;21;5474;2733;2741;88;455;610;187;534;2293;569;607;131
201412;8010509;8;1;5;9;1;6076;3061;3015;110;747;1014;307;648;2600;372;232;46;6076;150;692;356;209;72;1943;1915;366;879;2848;1477;1371;14;150;188;91;276;1717;212;178;22;9508;4711;4797;134;856;1160;376;998;3812;894;932;346
201412;8010510;8;1;5;10;1;225;138;87;3;16;26;9;30;108;27;6;0;225;31;101;17;27;9;48;28;6;6;157;95;62;0;4;9;3;21;93;21;6;0;383;219;164;3;25;26;12;56;192;48;21;0
201412;8020619;8;2;6;19;2;5213;2801;2412;110;511;698;221;569;2510;352;211;31;5213;245;1389;605;583;117;1405;848;362;509;2934;1623;1311;42;162;148;82;353;1747;200;172;28;10579;5434;5145;150;643;892;291;994;4771;1137;1371;330
201412;8020620;8;2;6;20;2;3606;1812;1794;71;345;469;141;314;1763;314;156;33;3606;231;1126;592;180;112;1026;483;215;464;1758;895;863;7;67;81;53;161;1090;162;113;24;9226;4447;4779;101;449;625;193;766;4045;1053;1429;565
201412;8020621;8;2;6;21;2;531;259;272;12;49;78;23;43;241;54;28;3;531;68;144;53;33;6;181;19;58;90;175;86;89;3;0;4;3;19;104;17;22;3;2318;1153;1165;12;102;180;68;199;881;400;406;70
201412;8020622;8;2;6;22;2;3394;1670;1724;61;291;353;121;286;1605;350;285;42;3394;297;1221;652;155;259;691;326;425;317;1591;763;828;6;45;46;38;172;895;168;197;24;14195;6593;7602;114;616;905;326;1019;5811;2041;2459;904
201412;8020623;8;2;6;23;2;311;143;168;3;9;57;12;34;125;50;18;3;311;27;114;50;0;17;65;61;36;18;152;64;88;3;0;15;3;15;80;21;12;3;1264;583;681;9;21;93;30;80;471;181;246;133
201412;8020624;8;2;6;24;2;292;156;136;3;19;40;9;17;137;28;33;6;292;16;97;47;18;12;76;9;40;40;127;69;58;0;0;4;3;6;69;15;27;3;1142;584;558;9;65;91;27;72;508;153;174;43
201412;8020625;8;2;6;25;2;844;446;398;6;52;111;21;79;439;74;52;10;844;118;312;128;50;16;191;78;117;80;432;229;203;0;4;18;6;43;259;52;40;10;3331;1703;1628;13;101;239;87;286;1284;420;710;191
201412;8020726;8;2;7;26;2;1724;838;886;25;129;168;82;96;872;216;114;22;1724;140;609;354;104;103;469;70;169;200;705;336;369;9;9;7;15;40;423;94;92;16;8291;3957;4334;46;305;516;237;567;3302;1179;1680;459
201412;8020727;8;2;7;27;2;2513;1268;1245;31;206;405;124;176;1123;254;172;22;2513;184;722;412;250;169;641;256;169;306;952;473;479;6;18;46;24;74;578;95;98;13;11436;5389;6047;76;453;785;324;878;4096;1504;2668;652
201412;8020728;8;2;7;28;2;2757;1383;1374;48;257;408;115;254;1262;216;151;46;2757;200;768;404;269;314;632;255;251;268;1294;652;642;9;32;73;34;162;789;87;80;28;8286;4104;4182;66;409;671;254;706;3147;1036;1564;433
201412;8030829;8;3;8;29;2;5612;2764;2848;88;489;842;252;419;2421;637;357;107;5612;226;1298;872;306;599;1697;674;395;643;2240;1118;1122;18;56;126;64;171;1301;260;199;45;12327;5706;6621;119;606;1050;341;845;4288;1496;2752;830
201412;8030830;8;3;8;30;2;2562;1272;1290;36;199;320;76;163;1175;323;215;55;2562;103;748;503;142;220;784;150;229;289;995;488;507;0;12;21;12;68;610;131;123;18;7272;3346;3926;42;261;416;113;368;2467;946;2067;592
201412;8030831;8;3;8;31;2;7685;3805;3880;113;608;1064;386;645;3466;856;457;90;7685;215;1819;1354;594;619;2669;568;488;928;2984;1437;1547;9;44;114;107;282;1768;310;306;44;16867;7971;8896;149;794;1449;523;1329;6332;2010;3308;973
201412;8040932;8;4;9;32;2;707;343;364;13;83;118;25;42;295;74;48;9;707;42;213;141;56;63;180;72;30;93;267;111;156;0;13;18;10;21;153;25;24;3;2757;1274;1483;19;126;204;62;154;881;380;717;214
201412;8040933;8;4;9;33;2;1080;534;546;18;71;97;58;125;519;110;70;12;1080;79;240;95;101;42;362;83;86;166;448;220;228;3;12;3;9;54;273;39;52;3;3941;1858;2083;27;108;189;98;287;1456;559;922;295
201412;8040934;8;4;9;34;2;729;365;364;6;57;120;28;62;352;79;13;12;729;64;179;91;53;41;231;55;54;116;286;141;145;0;9;18;6;28;170;36;10;9;2686;1297;1389;19;109;225;67;218;1062;427;461;98
201412;8041035;8;4;10;35;2;1926;939;987;20;145;290;97;169;906;174;110;15;1926;136;469;220;272;70;485;111;179;340;756;357;399;7;15;31;22;73;445;66;85;12;7847;3877;3970;48;293;602;237;548;2895;1187;1702;335
201412;8041036;8;4;10;36;2;1253;645;608;9;88;187;72;77;555;146;98;21;1253;103;488;284;145;57;202;64;157;140;519;256;263;0;6;28;24;27;275;52;86;21;6802;3366;3436;37;208;509;226;521;2483;1073;1443;302
201412;8041037;8;4;10;37;2;1902;940;962;27;123;294;110;160;805;242;120;21;1902;195;674;360;223;99;368;142;214;182;838;430;408;3;29;64;24;84;433;109;77;15;9632;4688;4944;66;299;672;288;673;3488;1449;2181;516
201412;8041038;8;4;10;38;2;1234;619;615;24;94;172;70;101;529;141;78;25;1234;122;405;208;67;46;294;69;191;162;389;195;194;0;6;12;6;36;207;55;51;16;6690;3269;3421;45;249;481;205;486;2384;922;1494;424
201412;8041039;8;4;10;39;2;1073;519;554;12;107;194;56;73;515;83;27;6;1073;89;347;199;80;37;281;79;105;144;350;156;194;3;0;28;6;24;226;33;27;3;3725;1747;1978;42;203;368;156;300;1697;375;370;214
201412;8041040;8;4;10;40;2;1589;787;802;14;121;248;114;112;705;163;97;15;1589;115;547;369;106;116;387;88;174;171;551;259;292;0;9;12;25;43;338;62;50;12;7991;3800;4191;53;346;705;320;605;3058;1157;1441;306
201412;9010101;9;1;1;1;2;2835;1475;1360;48;245;373;69;217;1702;133;45;3;2835;623;1057;205;181;134;460;200;645;158;1659;864;795;9;32;54;12;149;1294;76;33;0;11330;5648;5682;139;673;872;190;568;6731;874;922;361
201412;9010102;9;1;1;2;2;12;6;6;0;3;3;0;0;3;3;0;0;12;0;3;3;0;0;0;0;9;0;9;6;3;0;0;3;0;0;3;3;0;0;71;33;38;0;3;9;9;0;41;6;3;0
201412;9010201;9;1;2;1;2;559;261;298;6;87;75;21;26;297;35;6;6;559;142;248;53;16;58;48;13;142;34;270;117;153;0;6;3;9;20;209;20;0;3;4252;2038;2214;47;320;313;89;161;2156;353;568;245
201412;9010202;9;1;2;2;2;581;321;260;21;51;40;9;64;357;21;18;0;581;58;217;87;40;46;54;54;131;39;347;193;154;9;12;6;3;40;256;12;9;0;6722;3217;3505;63;177;237;68;400;3037;730;1441;569
201412;9010301;9;1;3;1;2;1455;743;712;32;122;144;18;176;830;92;34;7;1455;232;553;171;106;158;114;82;312;130;808;418;390;3;15;27;0;121;564;54;21;3;14704;6923;7781;138;576;664;145;964;6839;1244;2745;1389
201412;9010302;9;1;3;2;2;543;260;283;9;52;80;40;60;223;34;42;3;543;42;101;34;136;12;179;18;42;55;241;122;119;0;9;10;12;28;121;19;39;3;2943;1471;1472;21;120;257;118;231;1172;409;516;99
201412;9010401;9;1;4;1;2;378;181;197;3;34;37;12;54;195;25;12;6;378;52;173;61;21;54;34;24;53;19;188;84;104;0;9;6;6;41;105;9;9;3;7844;3617;4227;39;255;368;133;381;2834;894;2138;802
201412;9010402;9;1;4;2;2;1074;524;550;22;93;180;42;79;518;88;49;3;1074;126;398;197;104;154;130;40;179;69;476;228;248;3;16;22;15;48;309;30;30;3;10737;5209;5528;128;564;877;230;681;5228;1257;1266;506
201412;9020501;9;2;5;1;2;1080;606;474;18;80;121;34;160;583;60;21;3;1080;94;511;170;179;156;28;32;144;30;777;453;324;6;33;69;28;112;475;39;12;3;6147;3229;2918;79;337;418;130;653;3368;509;423;230
201412;9020502;9;2;5;2;2;1758;933;825;42;146;199;70;217;901;134;36;13;1758;171;605;228;157;336;96;52;432;80;1023;551;472;12;31;60;37;141;643;74;19;6;14214;7068;7146;180;740;906;257;1208;7395;1255;1574;699
201412;9020601;9;2;6;1;2;1293;789;504;21;105;151;30;207;664;76;30;9;1293;138;569;122;83;144;74;120;294;9;950;616;334;9;50;65;20;178;559;48;18;3;7437;3872;3565;99;400;459;119;634;3822;625;884;395
201412;9020602;9;2;6;2;2;139;59;80;0;9;13;12;16;71;12;6;0;139;18;72;9;3;34;6;0;18;6;74;34;40;0;0;0;6;9;50;6;3;0;3434;1620;1814;25;111;209;82;181;1223;489;839;275
201412;9020701;9;2;7;1;2;231;126;105;0;9;3;0;102;108;6;3;0;231;42;72;9;0;39;3;9;108;0;222;120;102;0;9;3;0;96;105;6;3;0;508;312;196;0;9;6;0;138;201;88;54;12
201412;9020702;9;2;7;2;2;1461;760;701;36;170;183;45;162;721;96;39;9;1461;144;506;157;183;233;61;118;306;54;984;506;478;15;84;79;24;120;569;63;24;6;15934;7866;8068;170;739;994;279;1089;7471;1766;2478;948
201412;9020801;9;2;8;1;2;148;57;91;0;6;12;6;9;94;12;6;3;148;15;57;36;0;40;0;6;42;3;73;27;46;0;0;0;0;3;55;12;3;0;2881;1393;1488;33;154;149;54;153;1392;363;405;178
201412;9020802;9;2;8;2;2;752;410;342;18;79;94;25;42;408;52;28;6;752;84;323;175;40;170;26;31;144;18;443;250;193;3;27;18;6;24;310;40;12;3;7268;3617;3651;89;442;642;151;470;3438;736;1020;280
201412;9030901;9;3;9;1;2;1075;549;526;18;120;153;48;82;526;72;46;10;1075;141;465;224;62;113;218;36;118;63;434;232;202;0;0;21;9;45;291;27;34;7;12317;6138;6179;91;619;990;309;729;5577;1680;1811;511
201412;9030902;9;3;9;2;2;616;308;308;15;58;89;32;34;288;70;24;6;616;36;271;166;28;172;29;20;78;18;283;152;131;3;19;21;6;15;173;34;9;3;5827;2836;2991;66;318;542;180;453;2553;768;678;269
201412;9030903;9;3;9;3;2;933;437;496;6;69;149;51;60;423;104;59;12;933;48;231;140;48;452;62;28;50;62;255;111;144;3;6;25;9;26;159;12;15;0;7800;3878;3922;88;449;798;281;525;3755;867;852;185
201412;9031001;9;3;10;1;2;862;457;405;15;63;108;33;77;460;67;36;3;862;115;449;237;25;103;72;31;142;40;464;268;196;3;15;18;12;49;316;30;21;0;12240;6048;6192;91;525;856;344;709;5176;1763;2183;593
201412;9031101;9;3;11;1;2;437;233;204;15;38;56;12;56;217;28;15;0;437;59;160;47;102;86;10;22;54;3;301;161;140;6;22;27;9;49;160;19;9;0;5649;2736;2913;50;200;332;98;268;2314;738;1219;430
201412;9031201;9;3;12;1;2;111;62;49;0;6;24;3;6;48;24;0;0;111;22;50;22;9;18;0;0;34;0;47;26;21;0;0;3;0;6;32;6;0;0;1764;875;889;7;72;125;31;70;641;302;411;105
201412;9031202;9;3;12;2;2;152;68;84;0;15;16;0;3;87;19;12;0;152;22;49;24;3;54;0;10;36;0;92;43;49;0;3;0;0;3;68;9;9;0;2351;1160;1191;18;106;169;72;102;979;359;434;112
201412;9041301;9;4;13;1;2;528;250;278;9;46;82;18;48;225;58;30;12;528;59;256;98;6;99;12;18;119;18;234;102;132;3;6;15;3;27;143;22;9;6;13933;6653;7280;73;409;740;246;613;4823;2291;3591;1147
201412;9041302;9;4;13;2;2;110;46;64;3;13;15;0;0;49;21;9;0;110;27;54;15;0;20;6;0;30;0;43;18;25;0;0;0;0;0;31;6;6;0;1792;874;918;18;81;135;27;74;719;291;338;109
201412;9041401;9;4;14;1;2;517;271;246;9;53;80;18;87;216;32;15;7;517;17;66;21;199;85;9;55;95;8;403;226;177;3;41;55;12;77;189;17;6;3;4845;2207;2638;37;177;299;75;241;1375;530;1663;448
201412;9041402;9;4;14;2;2;123;62;61;3;3;21;10;6;52;22;6;0;123;6;22;10;0;86;3;6;3;3;37;18;19;0;3;3;0;3;25;0;3;0;1480;726;754;18;64;105;37;61;611;214;273;97
201412;9041501;9;4;15;1;2;718;389;329;20;63;105;18;63;376;36;28;9;718;82;268;97;20;164;28;58;134;46;348;187;161;10;16;18;3;32;239;18;9;3;7173;3491;3682;92;433;592;151;441;3561;831;737;335
201412;9041601;9;4;16;1;2;293;150;143;3;25;42;16;6;158;31;6;6;293;12;124;58;0;70;9;12;66;12;124;70;54;0;0;6;3;6;91;12;6;0;6522;3287;3235;30;242;452;160;271;2740;1096;1239;292
201412;9051701;9;5;17;1;2;127;69;58;0;12;12;3;12;66;9;13;0;127;25;64;18;3;21;3;3;27;6;72;42;30;0;3;0;0;9;45;9;6;0;3522;1628;1894;31;132;174;62;154;1285;441;814;429
201412;9051702;9;5;17;2;2;666;296;370;13;74;116;9;31;334;50;24;15;666;153;346;119;24;92;17;12;155;20;343;153;190;3;6;19;0;21;238;35;15;6;14383;6607;7776;127;671;1084;272;471;5662;1607;3095;1394
201412;9051801;9;5;18;1;2;512;250;262;7;55;80;18;27;258;46;18;3;512;99;251;90;9;113;15;6;106;12;239;121;118;0;3;12;3;24;157;25;15;0;9041;4465;4576;49;352;698;235;347;3562;1411;1799;588
201412;9051901;9;5;19;1;2;638;292;346;15;52;60;12;53;360;50;18;18;638;97;285;113;24;148;33;15;118;15;334;155;179;6;9;3;0;40;240;24;9;3;10075;4804;5271;111;480;571;144;558;4721;1175;1549;766
201412;9052001;9;5;20;1;2;529;261;268;13;58;85;34;37;253;31;12;6;529;75;245;83;9;95;9;34;110;27;258;129;129;0;9;18;16;28;165;13;6;3;12300;5766;6534;73;418;757;236;522;4658;1580;2809;1247
